scope,partition,test_type,pvim_item,status,owner,model
Stack Level,d2d1,ssn_continuity,[NWP] SSN: continuity,PASS,Sebastian Porras,nio_d2d-a0-26ww26a
Partition Level,pard2d1chnl,atspeed_edt_edt_low_internal_serial_scan,[NWP] scan: edten atspeed proxy,PASS,Mario Alpizar,nio_d2d-a0-26ww26a
Stack Level,pard2d1chnl,d2d1_retarget_atspeed_edt_edt_low_internal_serial_scan,,PASS,Mario Alpizar,nio_d2d-a0-26ww26a
Stack Level,pard2d1chnl,d2d1_retarget_stuckat_edt_edt_low_internal_loopback,,PASS,Sebastian Porras,nio_d2d-a0-26ww26a
Stack Level,pard2d1chnl,d2d1_retarget_stuckat_edt_edt_low_internal_serial_chain,,PASS,Mario Alpizar,nio_d2d-a0-26ww26a
Stack Level,pard2d1chnl,d2d1_retarget_stuckat_edt_edt_low_internal_serial_scan,,PASS,Mario Alpizar,nio_d2d-a0-26ww26a
Partition Level,pard2d1chnl,pard2d1chnl_ub_i_ult_scan_ctlr_stuckat_edt_bypass_low_internal_scandump,[NWP] scan: scandump,PASS,Mario Alpizar,nio_d2d-a0-26ww26a
Partition Level,pard2d1chnl,ssn_continuity,[NWP] SSN: continuity,PASS,Sebastian Porras,nio_d2d-a0-26ww26a
Partition Level,pard2d1chnl,stuckat_edt_bypass_low_internal_burnin_togcnt_cap_off,[NWP] scan: Burnin,PASS,Mario Alpizar,nio_d2d-a0-26ww26a
Partition Level,pard2d1chnl,stuckat_edt_bypass_low_internal_serial_chain,[NWP] scan: edtbyp cont proxy,PASS,Mario Alpizar,nio_d2d-a0-26ww26a
Partition Level,pard2d1chnl,stuckat_edt_bypass_low_internal_serial_scan,[NWP] scan: edtbyp stuckat proxy,PASS,Mario Alpizar,nio_d2d-a0-26ww26a
Partition Level,pard2d1chnl,stuckat_edt_edt_low_internal_loopback,[NWP] SSN: endpoint loopback,PASS,Sebastian Porras,nio_d2d-a0-26ww26a
Partition Level,pard2d1chnl,stuckat_edt_edt_low_internal_serial_chain,[NWP] scan: edten cont proxy,PASS,Mario Alpizar,nio_d2d-a0-26ww26a
Partition Level,pard2d1chnl,stuckat_edt_edt_low_internal_serial_scan,[NWP] scan: edten stuckat proxy,PASS,Mario Alpizar,nio_d2d-a0-26ww26a
Partition Level,pard2d1misc,atspeed_edt_edt_low_internal_serial_scan,[NWP] scan: edten atspeed proxy,PASS,Emmanuel Araya,nio_d2d-a0-26ww26a
Stack Level,pard2d1misc,d2d1_retarget_atspeed_edt_edt_low_internal_serial_scan,,PASS,Emmanuel Araya,nio_d2d-a0-26ww26a
Stack Level,pard2d1misc,d2d1_retarget_stuckat_edt_edt_low_internal_loopback,,PASS,Sebastian Porras,nio_d2d-a0-26ww26a
Stack Level,pard2d1misc,d2d1_retarget_stuckat_edt_edt_low_internal_serial_chain,,PASS,Emmanuel Araya,nio_d2d-a0-26ww26a
Stack Level,pard2d1misc,d2d1_retarget_stuckat_edt_edt_low_internal_serial_scan,,PASS,Emmanuel Araya,nio_d2d-a0-26ww26a
Partition Level,pard2d1misc,pard2d1misc_ub_i_ult_scan_ctlr_stuckat_edt_bypass_low_internal_scandump,[NWP] scan: scandump,PASS,Emmanuel Araya,nio_d2d-a0-26ww26a
Partition Level,pard2d1misc,ssn_continuity,[NWP] SSN: continuity,PASS,Sebastian Porras,nio_d2d-a0-26ww26a
Partition Level,pard2d1misc,stuckat_edt_bypass_low_internal_burnin_togcnt_cap_off,[NWP] scan: Burnin,PASS,Emmanuel Araya,nio_d2d-a0-26ww26a
Partition Level,pard2d1misc,stuckat_edt_bypass_low_internal_serial_chain,[NWP] scan: edtbyp cont proxy,PASS,Emmanuel Araya,nio_d2d-a0-26ww26a
Partition Level,pard2d1misc,stuckat_edt_bypass_low_internal_serial_scan,[NWP] scan: edtbyp stuckat proxy,PASS,Emmanuel Araya,nio_d2d-a0-26ww26a
Partition Level,pard2d1misc,stuckat_edt_edt_low_internal_loopback,[NWP] SSN: endpoint loopback,PASS,Sebastian Porras,nio_d2d-a0-26ww26a
Partition Level,pard2d1misc,stuckat_edt_edt_low_internal_serial_chain,[NWP] scan: edten cont proxy,PASS,Emmanuel Araya,nio_d2d-a0-26ww26a
Partition Level,pard2d1misc,stuckat_edt_edt_low_internal_serial_scan,[NWP] scan: edten stuckat proxy,PASS,Emmanuel Araya,nio_d2d-a0-26ww26a
Partition Level,pard2d1uladda0,atspeed_edt_edt_low_internal_serial_scan,[NWP] scan: edten atspeed proxy,PASS,KalthireddyX Gunasekhar,nio_d2d-a0-26ww26a
Stack Level,pard2d1uladda0,d2d1_retarget_atspeed_edt_edt_low_internal_serial_scan,,PASS,KalthireddyX Gunasekhar,nio_d2d-a0-26ww26a
Stack Level,pard2d1uladda0,d2d1_retarget_stuckat_edt_edt_low_internal_loopback,,PASS,KalthireddyX Gunasekhar,nio_d2d-a0-26ww26a
Stack Level,pard2d1uladda0,d2d1_retarget_stuckat_edt_edt_low_internal_serial_chain,,PASS,KalthireddyX Gunasekhar,nio_d2d-a0-26ww26a
Stack Level,pard2d1uladda0,d2d1_retarget_stuckat_edt_edt_low_internal_serial_scan,,PASS,KalthireddyX Gunasekhar,nio_d2d-a0-26ww26a
Partition Level,pard2d1uladda0,pard2d1uladda0_ub_i_ult_scan_ctlr_stuckat_edt_bypass_low_internal_scandump,[NWP] scan: scandump,PASS,KalthireddyX Gunasekhar,nio_d2d-a0-26ww26a
Partition Level,pard2d1uladda0,ssn_continuity,[NWP] SSN: continuity,PASS,KalthireddyX Gunasekhar,nio_d2d-a0-26ww26a
Partition Level,pard2d1uladda0,stuckat_edt_bypass_low_internal_burnin_togcnt_cap_off,[NWP] scan: Burnin,PASS,KalthireddyX Gunasekhar,nio_d2d-a0-26ww26a
Partition Level,pard2d1uladda0,stuckat_edt_bypass_low_internal_serial_chain,[NWP] scan: edtbyp cont proxy,PASS,KalthireddyX Gunasekhar,nio_d2d-a0-26ww26a
Partition Level,pard2d1uladda0,stuckat_edt_bypass_low_internal_serial_scan,[NWP] scan: edtbyp stuckat proxy,PASS,KalthireddyX Gunasekhar,nio_d2d-a0-26ww26a
Partition Level,pard2d1uladda0,stuckat_edt_edt_low_internal_loopback,[NWP] SSN: endpoint loopback,PASS,KalthireddyX Gunasekhar,nio_d2d-a0-26ww26a
Partition Level,pard2d1uladda0,stuckat_edt_edt_low_internal_serial_chain,[NWP] scan: edten cont proxy,PASS,KalthireddyX Gunasekhar,nio_d2d-a0-26ww26a
Partition Level,pard2d1uladda0,stuckat_edt_edt_low_internal_serial_scan,[NWP] scan: edten stuckat proxy,PASS,KalthireddyX Gunasekhar,nio_d2d-a0-26ww26a
Partition Level,pard2d1uladda1,atspeed_edt_edt_low_internal_serial_scan,[NWP] scan: edten atspeed proxy,PASS,KalthireddyX Gunasekhar,nio_d2d-a0-26ww26a
Stack Level,pard2d1uladda1,d2d1_retarget_atspeed_edt_edt_low_internal_serial_scan,,PASS,KalthireddyX Gunasekhar,nio_d2d-a0-26ww26a
Stack Level,pard2d1uladda1,d2d1_retarget_stuckat_edt_edt_low_internal_loopback,,PASS,KalthireddyX Gunasekhar,nio_d2d-a0-26ww26a
Stack Level,pard2d1uladda1,d2d1_retarget_stuckat_edt_edt_low_internal_serial_chain,,PASS,KalthireddyX Gunasekhar,nio_d2d-a0-26ww26a
Stack Level,pard2d1uladda1,d2d1_retarget_stuckat_edt_edt_low_internal_serial_scan,,PASS,KalthireddyX Gunasekhar,nio_d2d-a0-26ww26a
Partition Level,pard2d1uladda1,pard2d1uladda1_ub_i_ult_scan_ctlr_stuckat_edt_bypass_low_internal_scandump,[NWP] scan: scandump,PASS,KalthireddyX Gunasekhar,nio_d2d-a0-26ww26a
Partition Level,pard2d1uladda1,ssn_continuity,[NWP] SSN: continuity,PASS,KalthireddyX Gunasekhar,nio_d2d-a0-26ww26a
Partition Level,pard2d1uladda1,stuckat_edt_bypass_low_internal_burnin_togcnt_cap_off,[NWP] scan: Burnin,PASS,KalthireddyX Gunasekhar,nio_d2d-a0-26ww26a
Partition Level,pard2d1uladda1,stuckat_edt_bypass_low_internal_serial_chain,[NWP] scan: edtbyp cont proxy,PASS,KalthireddyX Gunasekhar,nio_d2d-a0-26ww26a
Partition Level,pard2d1uladda1,stuckat_edt_bypass_low_internal_serial_scan,[NWP] scan: edtbyp stuckat proxy,PASS,KalthireddyX Gunasekhar,nio_d2d-a0-26ww26a
Partition Level,pard2d1uladda1,stuckat_edt_edt_low_internal_loopback,[NWP] SSN: endpoint loopback,PASS,KalthireddyX Gunasekhar,nio_d2d-a0-26ww26a
Partition Level,pard2d1uladda1,stuckat_edt_edt_low_internal_serial_chain,[NWP] scan: edten cont proxy,PASS,KalthireddyX Gunasekhar,nio_d2d-a0-26ww26a
Partition Level,pard2d1uladda1,stuckat_edt_edt_low_internal_serial_scan,[NWP] scan: edten stuckat proxy,PASS,KalthireddyX Gunasekhar,nio_d2d-a0-26ww26a
Stack Level,memstack,ssn_continuity,[NWP] SSN: continuity,MISSING,Sebastian Porras,nio_mc-a0-26ww25a
Partition Level,pardfi,atspeed_edt_edt_low_internal_serial_scan,[NWP] scan: edten atspeed proxy,PASS,Mauricio Segura,nio_mc-a0-26ww25a
Partition Level,pardfi,stuckat_edt_bypass_low_internal_serial_chain,[NWP] scan: edtbyp cont proxy,PASS,Mauricio Segura,nio_mc-a0-26ww25a
Partition Level,pardfi,stuckat_edt_bypass_low_internal_serial_scan,[NWP] scan: edtbyp stuckat proxy,FAIL,Mauricio Segura,nio_mc-a0-26ww25a
Partition Level,pardfi,stuckat_edt_edt_low_internal_loopback,[NWP] SSN: endpoint loopback,PASS,Sebastian Porras,nio_mc-a0-26ww25a
Partition Level,pardfi,stuckat_edt_edt_low_internal_serial_chain,[NWP] scan: edten cont proxy,PASS,Mauricio Segura,nio_mc-a0-26ww25a
Partition Level,pardfi,stuckat_edt_edt_low_internal_serial_scan,[NWP] scan: edten stuckat proxy,FAIL,Mauricio Segura,nio_mc-a0-26ww25a
Partition Level,parmccore,atspeed_edt_edt_low_internal_serial_scan,[NWP] scan: edten atspeed proxy,PASS,Mario Alpizar,nio_mc-a0-26ww25a
Partition Level,parmccore,parmccore_ub_i_ult_scan_ctlr_stuckat_edt_bypass_low_internal_scandump,[NWP] scan: scandump,PASS,Mario Alpizar,nio_mc-a0-26ww25a
Partition Level,parmccore,ssn_continuity,[NWP] SSN: continuity,PASS,Sebastian Porras,nio_mc-a0-26ww25a
Partition Level,parmccore,stuckat_edt_bypass_low_internal_burnin_togcnt_cap_off,[NWP] scan: Burnin,PASS,Mario Alpizar,nio_mc-a0-26ww25a
Partition Level,parmccore,stuckat_edt_bypass_low_internal_serial_chain,[NWP] scan: edtbyp cont proxy,PASS,Mario Alpizar,nio_mc-a0-26ww25a
Partition Level,parmccore,stuckat_edt_bypass_low_internal_serial_scan,[NWP] scan: edtbyp stuckat proxy,PASS,Mario Alpizar,nio_mc-a0-26ww25a
Partition Level,parmccore,stuckat_edt_edt_low_internal_loopback,[NWP] SSN: endpoint loopback,PASS,Sebastian Porras,nio_mc-a0-26ww25a
Partition Level,parmccore,stuckat_edt_edt_low_internal_serial_chain,[NWP] scan: edten cont proxy,PASS,Mario Alpizar,nio_mc-a0-26ww25a
Partition Level,parmccore,stuckat_edt_edt_low_internal_serial_scan,[NWP] scan: edten stuckat proxy,PASS,Mario Alpizar,nio_mc-a0-26ww25a
Partition Level,parmcmisc,atspeed_edt_edt_low_internal_serial_scan,[NWP] scan: edten atspeed proxy,PASS,Mauricio Segura,nio_mc-a0-26ww25a
Partition Level,parmcmisc,scan_ctlr_stuckat_edt_bypass_low_internal_scandump,[NWP] scan: scandump,MISSING,Mauricio Segura,nio_mc-a0-26ww25a
Partition Level,parmcmisc,ssn_continuity,[NWP] SSN: continuity,MISSING,Sebastian Porras,nio_mc-a0-26ww25a
Partition Level,parmcmisc,stuckat_edt_bypass_low_internal_burnin_togcnt_cap_off,[NWP] scan: Burnin,MISSING,Mauricio Segura,nio_mc-a0-26ww25a
Partition Level,parmcmisc,stuckat_edt_bypass_low_internal_serial_chain,[NWP] scan: edtbyp cont proxy,PASS,Mauricio Segura,nio_mc-a0-26ww25a
Partition Level,parmcmisc,stuckat_edt_bypass_low_internal_serial_scan,[NWP] scan: edtbyp stuckat proxy,PASS,Mauricio Segura,nio_mc-a0-26ww25a
Partition Level,parmcmisc,stuckat_edt_edt_low_internal_loopback,[NWP] SSN: endpoint loopback,PASS,Sebastian Porras,nio_mc-a0-26ww25a
Partition Level,parmcmisc,stuckat_edt_edt_low_internal_serial_chain,[NWP] scan: edten cont proxy,PASS,Mauricio Segura,nio_mc-a0-26ww25a
Partition Level,parmcmisc,stuckat_edt_edt_low_internal_serial_scan,[NWP] scan: edten stuckat proxy,PASS,Mauricio Segura,nio_mc-a0-26ww25a
Partition Level,parmcmse,atspeed_edt_edt_low_internal_serial_scan,[NWP] scan: edten atspeed proxy,PASS,Emmanuel Araya,nio_mc-a0-26ww25a
Partition Level,parmcmse,parmcmse_ub_i_ult_scan_ctlr_stuckat_edt_bypass_low_internal_scandump,[NWP] scan: scandump,PASS,Emmanuel Araya,nio_mc-a0-26ww25a
Partition Level,parmcmse,ssn_continuity,[NWP] SSN: continuity,PASS,Sebastian Porras,nio_mc-a0-26ww25a
Partition Level,parmcmse,stuckat_edt_bypass_low_internal_burnin_togcnt_cap_off,[NWP] scan: Burnin,PASS,Emmanuel Araya,nio_mc-a0-26ww25a
Partition Level,parmcmse,stuckat_edt_bypass_low_internal_serial_chain,[NWP] scan: edtbyp cont proxy,PASS,Emmanuel Araya,nio_mc-a0-26ww25a
Partition Level,parmcmse,stuckat_edt_bypass_low_internal_serial_scan,[NWP] scan: edtbyp stuckat proxy,PASS,Emmanuel Araya,nio_mc-a0-26ww25a
Partition Level,parmcmse,stuckat_edt_edt_low_internal_loopback,[NWP] SSN: endpoint loopback,PASS,Sebastian Porras,nio_mc-a0-26ww25a
Partition Level,parmcmse,stuckat_edt_edt_low_internal_serial_chain,[NWP] scan: edten cont proxy,PASS,Emmanuel Araya,nio_mc-a0-26ww25a
Partition Level,parmcmse,stuckat_edt_edt_low_internal_serial_scan,[NWP] scan: edten stuckat proxy,PASS,Emmanuel Araya,nio_mc-a0-26ww25a
Partition Level,parmemsram,atspeed_edt_edt_low_internal_serial_scan,[NWP] scan: edten atspeed proxy,PASS,Emmanuel Araya,nio_mc-a0-26ww25a
Partition Level,parmemsram,parmemsram_ub_i_ult_scan_ctlr_stuckat_edt_bypass_low_internal_scandump,[NWP] scan: scandump,PASS,Emmanuel Araya,nio_mc-a0-26ww25a
Partition Level,parmemsram,ssn_continuity,[NWP] SSN: continuity,PASS,Sebastian Porras,nio_mc-a0-26ww25a
Partition Level,parmemsram,stuckat_edt_bypass_low_internal_burnin_togcnt_cap_off,[NWP] scan: Burnin,PASS,Emmanuel Araya,nio_mc-a0-26ww25a
Partition Level,parmemsram,stuckat_edt_bypass_low_internal_serial_chain,[NWP] scan: edtbyp cont proxy,PASS,Emmanuel Araya,nio_mc-a0-26ww25a
Partition Level,parmemsram,stuckat_edt_bypass_low_internal_serial_scan,[NWP] scan: edtbyp stuckat proxy,PASS,Emmanuel Araya,nio_mc-a0-26ww25a
Partition Level,parmemsram,stuckat_edt_edt_low_internal_loopback,[NWP] SSN: endpoint loopback,PASS,Sebastian Porras,nio_mc-a0-26ww25a
Partition Level,parmemsram,stuckat_edt_edt_low_internal_serial_chain,[NWP] scan: edten cont proxy,PASS,Emmanuel Araya,nio_mc-a0-26ww25a
Partition Level,parmemsram,stuckat_edt_edt_low_internal_serial_scan,[NWP] scan: edten stuckat proxy,PASS,Emmanuel Araya,nio_mc-a0-26ww25a
Partition Level,parmioasf_uio_0,atspeed_edt_edt_low_internal_serial_scan,[NWP] scan: edten atspeed proxy,PASS,Mauricio Segura,nio_uio-a0-26ww26a
Partition Level,parmioasf_uio_0,parmioasf_uio_0_ub_i_ult_scan_ctlr_stuckat_edt_bypass_low_internal_scandump,[NWP] scan: scandump,PASS,Mauricio Segura,nio_uio-a0-26ww26a
Partition Level,parmioasf_uio_0,ssn_continuity,[NWP] SSN: continuity,PASS,Sebastian Porras,nio_uio-a0-26ww26a
Partition Level,parmioasf_uio_0,stuckat_edt_bypass_low_internal_burnin_togcnt_cap_off,[NWP] scan: Burnin,PASS,Mauricio Segura,nio_uio-a0-26ww26a
Partition Level,parmioasf_uio_0,stuckat_edt_bypass_low_internal_serial_chain,[NWP] scan: edtbyp cont proxy,PASS,Mauricio Segura,nio_uio-a0-26ww26a
Partition Level,parmioasf_uio_0,stuckat_edt_bypass_low_internal_serial_scan,[NWP] scan: edtbyp stuckat proxy,PASS,Mauricio Segura,nio_uio-a0-26ww26a
Partition Level,parmioasf_uio_0,stuckat_edt_edt_low_internal_loopback,[NWP] SSN: endpoint loopback,PASS,Sebastian Porras,nio_uio-a0-26ww26a
Partition Level,parmioasf_uio_0,stuckat_edt_edt_low_internal_serial_chain,[NWP] scan: edten cont proxy,PASS,Mauricio Segura,nio_uio-a0-26ww26a
Partition Level,parmioasf_uio_0,stuckat_edt_edt_low_internal_serial_scan,[NWP] scan: edten stuckat proxy,PASS,Mauricio Segura,nio_uio-a0-26ww26a
Stack Level,parmioasf_uio_0,uio_a_0_retarget_atspeed_edt_edt_low_internal_serial_scan,,PASS,Mauricio Segura,nio_uio-a0-26ww26a
Stack Level,parmioasf_uio_0,uio_a_0_retarget_stuckat_edt_edt_low_internal_loopback,,PASS,Sebastian Porras,nio_uio-a0-26ww26a
Stack Level,parmioasf_uio_0,uio_a_0_retarget_stuckat_edt_edt_low_internal_serial_chain,,PASS,Mauricio Segura,nio_uio-a0-26ww26a
Stack Level,parmioasf_uio_0,uio_a_0_retarget_stuckat_edt_edt_low_internal_serial_scan,,PASS,Mauricio Segura,nio_uio-a0-26ww26a
Partition Level,parmiocpc_uio_0,atspeed_edt_edt_low_internal_serial_scan,[NWP] scan: edten atspeed proxy,PASS,Mauricio Segura,nio_uio-a0-26ww26a
Partition Level,parmiocpc_uio_0,parmiocpc_uio_0_ub_i_ult_scan_ctlr_stuckat_edt_bypass_low_internal_scandump,[NWP] scan: scandump,PASS,Mauricio Segura,nio_uio-a0-26ww26a
Partition Level,parmiocpc_uio_0,ssn_continuity,[NWP] SSN: continuity,PASS,Sebastian Porras,nio_uio-a0-26ww26a
Partition Level,parmiocpc_uio_0,stuckat_edt_bypass_low_internal_burnin_togcnt_cap_off,[NWP] scan: Burnin,PASS,Mauricio Segura,nio_uio-a0-26ww26a
Partition Level,parmiocpc_uio_0,stuckat_edt_bypass_low_internal_serial_chain,[NWP] scan: edtbyp cont proxy,PASS,Mauricio Segura,nio_uio-a0-26ww26a
Partition Level,parmiocpc_uio_0,stuckat_edt_bypass_low_internal_serial_scan,[NWP] scan: edtbyp stuckat proxy,PASS,Mauricio Segura,nio_uio-a0-26ww26a
Partition Level,parmiocpc_uio_0,stuckat_edt_edt_low_internal_loopback,[NWP] SSN: endpoint loopback,PASS,Sebastian Porras,nio_uio-a0-26ww26a
Partition Level,parmiocpc_uio_0,stuckat_edt_edt_low_internal_serial_chain,[NWP] scan: edten cont proxy,PASS,Mauricio Segura,nio_uio-a0-26ww26a
Partition Level,parmiocpc_uio_0,stuckat_edt_edt_low_internal_serial_scan,[NWP] scan: edten stuckat proxy,PASS,Mauricio Segura,nio_uio-a0-26ww26a
Stack Level,parmiocpc_uio_0,uio_a_0_retarget_atspeed_edt_edt_low_internal_serial_scan,,PASS,Mauricio Segura,nio_uio-a0-26ww26a
Stack Level,parmiocpc_uio_0,uio_a_0_retarget_stuckat_edt_edt_low_internal_loopback,,PASS,Sebastian Porras,nio_uio-a0-26ww26a
Stack Level,parmiocpc_uio_0,uio_a_0_retarget_stuckat_edt_edt_low_internal_serial_chain,,PASS,Mauricio Segura,nio_uio-a0-26ww26a
Stack Level,parmiocpc_uio_0,uio_a_0_retarget_stuckat_edt_edt_low_internal_serial_scan,,PASS,Mauricio Segura,nio_uio-a0-26ww26a
Partition Level,parmiocxlrx_uio_0,atspeed_edt_edt_low_internal_serial_scan,[NWP] scan: edten atspeed proxy,PASS,Mauricio Segura,nio_uio-a0-26ww26a
Partition Level,parmiocxlrx_uio_0,parmiocxlrx_uio_0_ub_i_ult_scan_ctlr_stuckat_edt_bypass_low_internal_scandump,[NWP] scan: scandump,PASS,Mauricio Segura,nio_uio-a0-26ww26a
Partition Level,parmiocxlrx_uio_0,ssn_continuity,[NWP] SSN: continuity,PASS,Sebastian Porras,nio_uio-a0-26ww26a
Partition Level,parmiocxlrx_uio_0,stuckat_edt_bypass_low_internal_burnin_togcnt_cap_off,[NWP] scan: Burnin,PASS,Mauricio Segura,nio_uio-a0-26ww26a
Partition Level,parmiocxlrx_uio_0,stuckat_edt_bypass_low_internal_serial_chain,[NWP] scan: edtbyp cont proxy,PASS,Mauricio Segura,nio_uio-a0-26ww26a
Partition Level,parmiocxlrx_uio_0,stuckat_edt_bypass_low_internal_serial_scan,[NWP] scan: edtbyp stuckat proxy,PASS,Mauricio Segura,nio_uio-a0-26ww26a
Partition Level,parmiocxlrx_uio_0,stuckat_edt_edt_low_internal_loopback,[NWP] SSN: endpoint loopback,PASS,Sebastian Porras,nio_uio-a0-26ww26a
Partition Level,parmiocxlrx_uio_0,stuckat_edt_edt_low_internal_serial_chain,[NWP] scan: edten cont proxy,PASS,Mauricio Segura,nio_uio-a0-26ww26a
Partition Level,parmiocxlrx_uio_0,stuckat_edt_edt_low_internal_serial_scan,[NWP] scan: edten stuckat proxy,PASS,Mauricio Segura,nio_uio-a0-26ww26a
Stack Level,parmiocxlrx_uio_0,uio_a_0_retarget_atspeed_edt_edt_low_internal_serial_scan,,PASS,Mauricio Segura,nio_uio-a0-26ww26a
Stack Level,parmiocxlrx_uio_0,uio_a_0_retarget_stuckat_edt_edt_low_internal_loopback,,PASS,Sebastian Porras,nio_uio-a0-26ww26a
Stack Level,parmiocxlrx_uio_0,uio_a_0_retarget_stuckat_edt_edt_low_internal_serial_chain,,PASS,Mauricio Segura,nio_uio-a0-26ww26a
Stack Level,parmiocxlrx_uio_0,uio_a_0_retarget_stuckat_edt_edt_low_internal_serial_scan,,PASS,Mauricio Segura,nio_uio-a0-26ww26a
Partition Level,parmiocxltx_uio_0,atspeed_edt_edt_low_internal_serial_scan,[NWP] scan: edten atspeed proxy,PASS,Mario Alpizar,nio_uio-a0-26ww26a
Partition Level,parmiocxltx_uio_0,parmiocxltx_uio_0_ub_i_ult_scan_ctlr_stuckat_edt_bypass_low_internal_scandump,[NWP] scan: scandump,PASS,Mario Alpizar,nio_uio-a0-26ww26a
Partition Level,parmiocxltx_uio_0,ssn_continuity,[NWP] SSN: continuity,PASS,Sebastian Porras,nio_uio-a0-26ww26a
Partition Level,parmiocxltx_uio_0,stuckat_edt_bypass_low_internal_burnin_togcnt_cap_off,[NWP] scan: Burnin,PASS,Mario Alpizar,nio_uio-a0-26ww26a
Partition Level,parmiocxltx_uio_0,stuckat_edt_bypass_low_internal_serial_chain,[NWP] scan: edtbyp cont proxy,PASS,Mario Alpizar,nio_uio-a0-26ww26a
Partition Level,parmiocxltx_uio_0,stuckat_edt_bypass_low_internal_serial_scan,[NWP] scan: edtbyp stuckat proxy,PASS,Mario Alpizar,nio_uio-a0-26ww26a
Partition Level,parmiocxltx_uio_0,stuckat_edt_edt_low_internal_loopback,[NWP] SSN: endpoint loopback,PASS,Sebastian Porras,nio_uio-a0-26ww26a
Partition Level,parmiocxltx_uio_0,stuckat_edt_edt_low_internal_serial_chain,[NWP] scan: edten cont proxy,PASS,Mario Alpizar,nio_uio-a0-26ww26a
Partition Level,parmiocxltx_uio_0,stuckat_edt_edt_low_internal_serial_scan,[NWP] scan: edten stuckat proxy,PASS,Mario Alpizar,nio_uio-a0-26ww26a
Stack Level,parmiocxltx_uio_0,uio_a_0_retarget_atspeed_edt_edt_low_internal_serial_scan,,PASS,Mario Alpizar,nio_uio-a0-26ww26a
Stack Level,parmiocxltx_uio_0,uio_a_0_retarget_stuckat_edt_edt_low_internal_loopback,,PASS,Sebastian Porras,nio_uio-a0-26ww26a
Stack Level,parmiocxltx_uio_0,uio_a_0_retarget_stuckat_edt_edt_low_internal_serial_chain,,PASS,Mario Alpizar,nio_uio-a0-26ww26a
Stack Level,parmiocxltx_uio_0,uio_a_0_retarget_stuckat_edt_edt_low_internal_serial_scan,,PASS,Mario Alpizar,nio_uio-a0-26ww26a
Partition Level,parmiofblprxfcrarbmux,atspeed_edt_edt_low_internal_serial_scan,[NWP] scan: edten atspeed proxy,PASS,Emmanuel Araya,nio_uio-a0-26ww26a
Partition Level,parmiofblprxfcrarbmux,parmiofblprxfcrarbmux_ub_i_ult_scan_ctlr_stuckat_edt_bypass_low_internal_scandump,[NWP] scan: scandump,PASS,Emmanuel Araya,nio_uio-a0-26ww26a
Partition Level,parmiofblprxfcrarbmux,ssn_continuity,[NWP] SSN: continuity,PASS,Sebastian Porras,nio_uio-a0-26ww26a
Partition Level,parmiofblprxfcrarbmux,stuckat_edt_bypass_low_internal_burnin_togcnt_cap_off,[NWP] scan: Burnin,PASS,Emmanuel Araya,nio_uio-a0-26ww26a
Partition Level,parmiofblprxfcrarbmux,stuckat_edt_bypass_low_internal_serial_chain,[NWP] scan: edtbyp cont proxy,PASS,Emmanuel Araya,nio_uio-a0-26ww26a
Partition Level,parmiofblprxfcrarbmux,stuckat_edt_bypass_low_internal_serial_scan,[NWP] scan: edtbyp stuckat proxy,PASS,Emmanuel Araya,nio_uio-a0-26ww26a
Partition Level,parmiofblprxfcrarbmux,stuckat_edt_edt_low_internal_loopback,[NWP] SSN: endpoint loopback,PASS,Sebastian Porras,nio_uio-a0-26ww26a
Partition Level,parmiofblprxfcrarbmux,stuckat_edt_edt_low_internal_serial_chain,[NWP] scan: edten cont proxy,PASS,Emmanuel Araya,nio_uio-a0-26ww26a
Partition Level,parmiofblprxfcrarbmux,stuckat_edt_edt_low_internal_serial_scan,[NWP] scan: edten stuckat proxy,PASS,Emmanuel Araya,nio_uio-a0-26ww26a
Stack Level,parmiofblprxfcrarbmux,uio_a_0_retarget_atspeed_edt_edt_low_internal_serial_scan,,PASS,Emmanuel Araya,nio_uio-a0-26ww26a
Stack Level,parmiofblprxfcrarbmux,uio_a_0_retarget_stuckat_edt_edt_low_internal_loopback,,PASS,Sebastian Porras,nio_uio-a0-26ww26a
Stack Level,parmiofblprxfcrarbmux,uio_a_0_retarget_stuckat_edt_edt_low_internal_serial_chain,,PASS,Emmanuel Araya,nio_uio-a0-26ww26a
Stack Level,parmiofblprxfcrarbmux,uio_a_0_retarget_stuckat_edt_edt_low_internal_serial_scan,,PASS,Emmanuel Araya,nio_uio-a0-26ww26a
Partition Level,parmiofblptx,atspeed_edt_edt_low_internal_serial_scan,[NWP] scan: edten atspeed proxy,PASS,Mario Alpizar,nio_uio-a0-26ww26a
Partition Level,parmiofblptx,parmiofblptx_ub_i_ult_scan_ctlr_stuckat_edt_bypass_low_internal_scandump,[NWP] scan: scandump,PASS,Mario Alpizar,nio_uio-a0-26ww26a
Partition Level,parmiofblptx,ssn_continuity,[NWP] SSN: continuity,PASS,Sebastian Porras,nio_uio-a0-26ww26a
Partition Level,parmiofblptx,stuckat_edt_bypass_low_internal_burnin_togcnt_cap_off,[NWP] scan: Burnin,PASS,Mario Alpizar,nio_uio-a0-26ww26a
Partition Level,parmiofblptx,stuckat_edt_bypass_low_internal_serial_chain,[NWP] scan: edtbyp cont proxy,PASS,Mario Alpizar,nio_uio-a0-26ww26a
Partition Level,parmiofblptx,stuckat_edt_bypass_low_internal_serial_scan,[NWP] scan: edtbyp stuckat proxy,PASS,Mario Alpizar,nio_uio-a0-26ww26a
Partition Level,parmiofblptx,stuckat_edt_edt_low_internal_loopback,[NWP] SSN: endpoint loopback,PASS,Sebastian Porras,nio_uio-a0-26ww26a
Partition Level,parmiofblptx,stuckat_edt_edt_low_internal_serial_chain,[NWP] scan: edten cont proxy,PASS,Mario Alpizar,nio_uio-a0-26ww26a
Partition Level,parmiofblptx,stuckat_edt_edt_low_internal_serial_scan,[NWP] scan: edten stuckat proxy,PASS,Mario Alpizar,nio_uio-a0-26ww26a
Stack Level,parmiofblptx,uio_a_0_retarget_atspeed_edt_edt_low_internal_serial_scan,,PASS,Mario Alpizar,nio_uio-a0-26ww26a
Stack Level,parmiofblptx,uio_a_0_retarget_stuckat_edt_edt_low_internal_loopback,,PASS,Sebastian Porras,nio_uio-a0-26ww26a
Stack Level,parmiofblptx,uio_a_0_retarget_stuckat_edt_edt_low_internal_serial_chain,,PASS,Mario Alpizar,nio_uio-a0-26ww26a
Stack Level,parmiofblptx,uio_a_0_retarget_stuckat_edt_edt_low_internal_serial_scan,,PASS,Mario Alpizar,nio_uio-a0-26ww26a
Partition Level,parmiofblpvnpipeac_uio_0,atspeed_edt_edt_low_internal_serial_scan,[NWP] scan: edten atspeed proxy,MISSING,Emmanuel Araya,nio_uio-a0-26ww26a
Partition Level,parmiofblpvnpipeac_uio_0,scan_ctlr_stuckat_edt_bypass_low_internal_scandump,[NWP] scan: scandump,MISSING,Emmanuel Araya,nio_uio-a0-26ww26a
Partition Level,parmiofblpvnpipeac_uio_0,ssn_continuity,[NWP] SSN: continuity,MISSING,Sebastian Porras,nio_uio-a0-26ww26a
Partition Level,parmiofblpvnpipeac_uio_0,stuckat_edt_bypass_low_internal_burnin_togcnt_cap_off,[NWP] scan: Burnin,MISSING,Emmanuel Araya,nio_uio-a0-26ww26a
Partition Level,parmiofblpvnpipeac_uio_0,stuckat_edt_bypass_low_internal_serial_chain,[NWP] scan: edtbyp cont proxy,MISSING,Emmanuel Araya,nio_uio-a0-26ww26a
Partition Level,parmiofblpvnpipeac_uio_0,stuckat_edt_bypass_low_internal_serial_scan,[NWP] scan: edtbyp stuckat proxy,MISSING,Emmanuel Araya,nio_uio-a0-26ww26a
Partition Level,parmiofblpvnpipeac_uio_0,stuckat_edt_edt_low_internal_loopback,[NWP] SSN: endpoint loopback,MISSING,Sebastian Porras,nio_uio-a0-26ww26a
Partition Level,parmiofblpvnpipeac_uio_0,stuckat_edt_edt_low_internal_serial_chain,[NWP] scan: edten cont proxy,MISSING,Emmanuel Araya,nio_uio-a0-26ww26a
Partition Level,parmiofblpvnpipeac_uio_0,stuckat_edt_edt_low_internal_serial_scan,[NWP] scan: edten stuckat proxy,MISSING,Emmanuel Araya,nio_uio-a0-26ww26a
Partition Level,parmiohap_uio_0,atspeed_edt_edt_low_internal_serial_scan,[NWP] scan: edten atspeed proxy,PASS,Mario Alpizar,nio_uio-a0-26ww26a
Partition Level,parmiohap_uio_0,parmiohap_uio_0_ub_i_ult_scan_ctlr_stuckat_edt_bypass_low_internal_scandump,[NWP] scan: scandump,PASS,Mario Alpizar,nio_uio-a0-26ww26a
Partition Level,parmiohap_uio_0,ssn_continuity,[NWP] SSN: continuity,PASS,Sebastian Porras,nio_uio-a0-26ww26a
Partition Level,parmiohap_uio_0,stuckat_edt_bypass_low_internal_burnin_togcnt_cap_off,[NWP] scan: Burnin,PASS,Mario Alpizar,nio_uio-a0-26ww26a
Partition Level,parmiohap_uio_0,stuckat_edt_bypass_low_internal_serial_chain,[NWP] scan: edtbyp cont proxy,PASS,Mario Alpizar,nio_uio-a0-26ww26a
Partition Level,parmiohap_uio_0,stuckat_edt_bypass_low_internal_serial_scan,[NWP] scan: edtbyp stuckat proxy,PASS,Mario Alpizar,nio_uio-a0-26ww26a
Partition Level,parmiohap_uio_0,stuckat_edt_edt_low_internal_loopback,[NWP] SSN: endpoint loopback,PASS,Sebastian Porras,nio_uio-a0-26ww26a
Partition Level,parmiohap_uio_0,stuckat_edt_edt_low_internal_serial_chain,[NWP] scan: edten cont proxy,PASS,Mario Alpizar,nio_uio-a0-26ww26a
Partition Level,parmiohap_uio_0,stuckat_edt_edt_low_internal_serial_scan,[NWP] scan: edten stuckat proxy,PASS,Mario Alpizar,nio_uio-a0-26ww26a
Stack Level,parmiohap_uio_0,uio_a_0_retarget_atspeed_edt_edt_low_internal_serial_scan,,PASS,Mario Alpizar,nio_uio-a0-26ww26a
Stack Level,parmiohap_uio_0,uio_a_0_retarget_stuckat_edt_edt_low_internal_loopback,,PASS,Sebastian Porras,nio_uio-a0-26ww26a
Stack Level,parmiohap_uio_0,uio_a_0_retarget_stuckat_edt_edt_low_internal_serial_chain,,PASS,Mario Alpizar,nio_uio-a0-26ww26a
Stack Level,parmiohap_uio_0,uio_a_0_retarget_stuckat_edt_edt_low_internal_serial_scan,,PASS,Mario Alpizar,nio_uio-a0-26ww26a
Partition Level,parmioiommu_uio_0,atspeed_edt_edt_low_internal_serial_scan,[NWP] scan: edten atspeed proxy,MISSING,Emmanuel Araya,nio_uio-a0-26ww26a
Partition Level,parmioiommu_uio_0,scan_ctlr_stuckat_edt_bypass_low_internal_scandump,[NWP] scan: scandump,MISSING,Emmanuel Araya,nio_uio-a0-26ww26a
Partition Level,parmioiommu_uio_0,ssn_continuity,[NWP] SSN: continuity,MISSING,Sebastian Porras,nio_uio-a0-26ww26a
Partition Level,parmioiommu_uio_0,stuckat_edt_bypass_low_internal_burnin_togcnt_cap_off,[NWP] scan: Burnin,MISSING,Emmanuel Araya,nio_uio-a0-26ww26a
Partition Level,parmioiommu_uio_0,stuckat_edt_bypass_low_internal_serial_chain,[NWP] scan: edtbyp cont proxy,MISSING,Emmanuel Araya,nio_uio-a0-26ww26a
Partition Level,parmioiommu_uio_0,stuckat_edt_bypass_low_internal_serial_scan,[NWP] scan: edtbyp stuckat proxy,MISSING,Emmanuel Araya,nio_uio-a0-26ww26a
Partition Level,parmioiommu_uio_0,stuckat_edt_edt_low_internal_loopback,[NWP] SSN: endpoint loopback,MISSING,Sebastian Porras,nio_uio-a0-26ww26a
Partition Level,parmioiommu_uio_0,stuckat_edt_edt_low_internal_serial_chain,[NWP] scan: edten cont proxy,MISSING,Emmanuel Araya,nio_uio-a0-26ww26a
Partition Level,parmioiommu_uio_0,stuckat_edt_edt_low_internal_serial_scan,[NWP] scan: edten stuckat proxy,MISSING,Emmanuel Araya,nio_uio-a0-26ww26a
Partition Level,parmioitc_uio_0,atspeed_edt_edt_low_internal_serial_scan,[NWP] scan: edten atspeed proxy,PASS,Mario Alpizar,nio_uio-a0-26ww26a
Partition Level,parmioitc_uio_0,parmioitc_uio_0_ub_i_ult_scan_ctlr_stuckat_edt_bypass_low_internal_scandump,[NWP] scan: scandump,PASS,Mario Alpizar,nio_uio-a0-26ww26a
Partition Level,parmioitc_uio_0,ssn_continuity,[NWP] SSN: continuity,PASS,Sebastian Porras,nio_uio-a0-26ww26a
Partition Level,parmioitc_uio_0,stuckat_edt_bypass_low_internal_burnin_togcnt_cap_off,[NWP] scan: Burnin,PASS,Mario Alpizar,nio_uio-a0-26ww26a
Partition Level,parmioitc_uio_0,stuckat_edt_bypass_low_internal_serial_chain,[NWP] scan: edtbyp cont proxy,PASS,Mario Alpizar,nio_uio-a0-26ww26a
Partition Level,parmioitc_uio_0,stuckat_edt_bypass_low_internal_serial_scan,[NWP] scan: edtbyp stuckat proxy,PASS,Mario Alpizar,nio_uio-a0-26ww26a
Partition Level,parmioitc_uio_0,stuckat_edt_edt_low_internal_loopback,[NWP] SSN: endpoint loopback,PASS,Sebastian Porras,nio_uio-a0-26ww26a
Partition Level,parmioitc_uio_0,stuckat_edt_edt_low_internal_serial_chain,[NWP] scan: edten cont proxy,PASS,Mario Alpizar,nio_uio-a0-26ww26a
Partition Level,parmioitc_uio_0,stuckat_edt_edt_low_internal_serial_scan,[NWP] scan: edten stuckat proxy,PASS,Mario Alpizar,nio_uio-a0-26ww26a
Stack Level,parmioitc_uio_0,uio_a_0_retarget_atspeed_edt_edt_low_internal_serial_scan,,PASS,Mario Alpizar,nio_uio-a0-26ww26a
Stack Level,parmioitc_uio_0,uio_a_0_retarget_stuckat_edt_edt_low_internal_loopback,,PASS,Sebastian Porras,nio_uio-a0-26ww26a
Stack Level,parmioitc_uio_0,uio_a_0_retarget_stuckat_edt_edt_low_internal_serial_chain,,PASS,Mario Alpizar,nio_uio-a0-26ww26a
Stack Level,parmioitc_uio_0,uio_a_0_retarget_stuckat_edt_edt_low_internal_serial_scan,,PASS,Mario Alpizar,nio_uio-a0-26ww26a
Partition Level,parmiomisc_uio_0,atspeed_edt_edt_low_internal_serial_scan,[NWP] scan: edten atspeed proxy,PASS,KalthireddyX Gunasekhar,nio_uio-a0-26ww26a
Partition Level,parmiomisc_uio_0,scan_ctlr_stuckat_edt_bypass_low_internal_scandump,[NWP] scan: scandump,MISSING,KalthireddyX Gunasekhar,nio_uio-a0-26ww26a
Partition Level,parmiomisc_uio_0,ssn_continuity,[NWP] SSN: continuity,PASS,KalthireddyX Gunasekhar,nio_uio-a0-26ww26a
Partition Level,parmiomisc_uio_0,stuckat_edt_bypass_low_internal_burnin_togcnt_cap_off,[NWP] scan: Burnin,MISSING,KalthireddyX Gunasekhar,nio_uio-a0-26ww26a
Partition Level,parmiomisc_uio_0,stuckat_edt_bypass_low_internal_serial_chain,[NWP] scan: edtbyp cont proxy,PASS,KalthireddyX Gunasekhar,nio_uio-a0-26ww26a
Partition Level,parmiomisc_uio_0,stuckat_edt_bypass_low_internal_serial_scan,[NWP] scan: edtbyp stuckat proxy,PASS,KalthireddyX Gunasekhar,nio_uio-a0-26ww26a
Partition Level,parmiomisc_uio_0,stuckat_edt_edt_low_internal_loopback,[NWP] SSN: endpoint loopback,PASS,KalthireddyX Gunasekhar,nio_uio-a0-26ww26a
Partition Level,parmiomisc_uio_0,stuckat_edt_edt_low_internal_serial_chain,[NWP] scan: edten cont proxy,PASS,KalthireddyX Gunasekhar,nio_uio-a0-26ww26a
Partition Level,parmiomisc_uio_0,stuckat_edt_edt_low_internal_serial_scan,[NWP] scan: edten stuckat proxy,PASS,KalthireddyX Gunasekhar,nio_uio-a0-26ww26a
Stack Level,parmiomisc_uio_0,uio_a_0_retarget_atspeed_edt_edt_low_internal_serial_scan,,PASS,KalthireddyX Gunasekhar,nio_uio-a0-26ww26a
Stack Level,parmiomisc_uio_0,uio_a_0_retarget_stuckat_edt_edt_low_internal_loopback,,PASS,KalthireddyX Gunasekhar,nio_uio-a0-26ww26a
Stack Level,parmiomisc_uio_0,uio_a_0_retarget_stuckat_edt_edt_low_internal_serial_chain,,PASS,KalthireddyX Gunasekhar,nio_uio-a0-26ww26a
Stack Level,parmiomisc_uio_0,uio_a_0_retarget_stuckat_edt_edt_low_internal_serial_scan,,PASS,KalthireddyX Gunasekhar,nio_uio-a0-26ww26a
Partition Level,parmiootc_uio_0,atspeed_edt_edt_low_internal_serial_scan,[NWP] scan: edten atspeed proxy,PASS,Mauricio Segura,nio_uio-a0-26ww26a
Partition Level,parmiootc_uio_0,parmiootc_uio_0_ub_i_ult_scan_ctlr_stuckat_edt_bypass_low_internal_scandump,[NWP] scan: scandump,PASS,Mauricio Segura,nio_uio-a0-26ww26a
Partition Level,parmiootc_uio_0,ssn_continuity,[NWP] SSN: continuity,PASS,Sebastian Porras,nio_uio-a0-26ww26a
Partition Level,parmiootc_uio_0,stuckat_edt_bypass_low_internal_burnin_togcnt_cap_off,[NWP] scan: Burnin,PASS,Mauricio Segura,nio_uio-a0-26ww26a
Partition Level,parmiootc_uio_0,stuckat_edt_bypass_low_internal_serial_chain,[NWP] scan: edtbyp cont proxy,PASS,Mauricio Segura,nio_uio-a0-26ww26a
Partition Level,parmiootc_uio_0,stuckat_edt_bypass_low_internal_serial_scan,[NWP] scan: edtbyp stuckat proxy,PASS,Mauricio Segura,nio_uio-a0-26ww26a
Partition Level,parmiootc_uio_0,stuckat_edt_edt_low_internal_loopback,[NWP] SSN: endpoint loopback,PASS,Sebastian Porras,nio_uio-a0-26ww26a
Partition Level,parmiootc_uio_0,stuckat_edt_edt_low_internal_serial_chain,[NWP] scan: edten cont proxy,PASS,Mauricio Segura,nio_uio-a0-26ww26a
Partition Level,parmiootc_uio_0,stuckat_edt_edt_low_internal_serial_scan,[NWP] scan: edten stuckat proxy,PASS,Mauricio Segura,nio_uio-a0-26ww26a
Stack Level,parmiootc_uio_0,uio_a_0_retarget_atspeed_edt_edt_low_internal_serial_scan,,PASS,Mauricio Segura,nio_uio-a0-26ww26a
Stack Level,parmiootc_uio_0,uio_a_0_retarget_stuckat_edt_edt_low_internal_loopback,,PASS,Sebastian Porras,nio_uio-a0-26ww26a
Stack Level,parmiootc_uio_0,uio_a_0_retarget_stuckat_edt_edt_low_internal_serial_chain,,PASS,Mauricio Segura,nio_uio-a0-26ww26a
Stack Level,parmiootc_uio_0,uio_a_0_retarget_stuckat_edt_edt_low_internal_serial_scan,,PASS,Mauricio Segura,nio_uio-a0-26ww26a
Partition Level,parmiopcie6trcore_uio_0,atspeed_edt_edt_low_internal_serial_scan,[NWP] scan: edten atspeed proxy,PASS,Mauricio Segura,nio_uio-a0-26ww26a
Partition Level,parmiopcie6trcore_uio_0,parmiopcie6trcore_uio_0_ub_i_ult_scan_ctlr_stuckat_edt_bypass_low_internal_scandump,[NWP] scan: scandump,PASS,Mauricio Segura,nio_uio-a0-26ww26a
Partition Level,parmiopcie6trcore_uio_0,ssn_continuity,[NWP] SSN: continuity,PASS,Sebastian Porras,nio_uio-a0-26ww26a
Partition Level,parmiopcie6trcore_uio_0,stuckat_edt_bypass_low_internal_burnin_togcnt_cap_off,[NWP] scan: Burnin,PASS,Mauricio Segura,nio_uio-a0-26ww26a
Partition Level,parmiopcie6trcore_uio_0,stuckat_edt_bypass_low_internal_serial_chain,[NWP] scan: edtbyp cont proxy,PASS,Mauricio Segura,nio_uio-a0-26ww26a
Partition Level,parmiopcie6trcore_uio_0,stuckat_edt_bypass_low_internal_serial_scan,[NWP] scan: edtbyp stuckat proxy,PASS,Mauricio Segura,nio_uio-a0-26ww26a
Partition Level,parmiopcie6trcore_uio_0,stuckat_edt_edt_low_internal_loopback,[NWP] SSN: endpoint loopback,PASS,Sebastian Porras,nio_uio-a0-26ww26a
Partition Level,parmiopcie6trcore_uio_0,stuckat_edt_edt_low_internal_serial_chain,[NWP] scan: edten cont proxy,PASS,Mauricio Segura,nio_uio-a0-26ww26a
Partition Level,parmiopcie6trcore_uio_0,stuckat_edt_edt_low_internal_serial_scan,[NWP] scan: edten stuckat proxy,PASS,Mauricio Segura,nio_uio-a0-26ww26a
Stack Level,parmiopcie6trcore_uio_0,uio_a_0_retarget_atspeed_edt_edt_low_internal_serial_scan,,PASS,Mauricio Segura,nio_uio-a0-26ww26a
Stack Level,parmiopcie6trcore_uio_0,uio_a_0_retarget_stuckat_edt_edt_low_internal_loopback,,PASS,Sebastian Porras,nio_uio-a0-26ww26a
Stack Level,parmiopcie6trcore_uio_0,uio_a_0_retarget_stuckat_edt_edt_low_internal_serial_chain,,PASS,Mauricio Segura,nio_uio-a0-26ww26a
Stack Level,parmiopcie6trcore_uio_0,uio_a_0_retarget_stuckat_edt_edt_low_internal_serial_scan,,PASS,Mauricio Segura,nio_uio-a0-26ww26a
Partition Level,parmiopcie6tridelldp_uio_0,atspeed_edt_edt_low_internal_serial_scan,[NWP] scan: edten atspeed proxy,PASS,Emmanuel Araya,nio_uio-a0-26ww26a
Partition Level,parmiopcie6tridelldp_uio_0,parmiopcie6tridelldp_uio_0_ub_i_ult_scan_ctlr_stuckat_edt_bypass_low_internal_scandump,[NWP] scan: scandump,PASS,Emmanuel Araya,nio_uio-a0-26ww26a
Partition Level,parmiopcie6tridelldp_uio_0,ssn_continuity,[NWP] SSN: continuity,PASS,Sebastian Porras,nio_uio-a0-26ww26a
Partition Level,parmiopcie6tridelldp_uio_0,stuckat_edt_bypass_low_internal_burnin_togcnt_cap_off,[NWP] scan: Burnin,PASS,Emmanuel Araya,nio_uio-a0-26ww26a
Partition Level,parmiopcie6tridelldp_uio_0,stuckat_edt_bypass_low_internal_serial_chain,[NWP] scan: edtbyp cont proxy,PASS,Emmanuel Araya,nio_uio-a0-26ww26a
Partition Level,parmiopcie6tridelldp_uio_0,stuckat_edt_bypass_low_internal_serial_scan,[NWP] scan: edtbyp stuckat proxy,PASS,Emmanuel Araya,nio_uio-a0-26ww26a
Partition Level,parmiopcie6tridelldp_uio_0,stuckat_edt_edt_low_internal_loopback,[NWP] SSN: endpoint loopback,PASS,Sebastian Porras,nio_uio-a0-26ww26a
Partition Level,parmiopcie6tridelldp_uio_0,stuckat_edt_edt_low_internal_serial_chain,[NWP] scan: edten cont proxy,PASS,Emmanuel Araya,nio_uio-a0-26ww26a
Partition Level,parmiopcie6tridelldp_uio_0,stuckat_edt_edt_low_internal_serial_scan,[NWP] scan: edten stuckat proxy,PASS,Emmanuel Araya,nio_uio-a0-26ww26a
Stack Level,parmiopcie6tridelldp_uio_0,uio_a_0_retarget_atspeed_edt_edt_low_internal_serial_scan,,PASS,Emmanuel Araya,nio_uio-a0-26ww26a
Stack Level,parmiopcie6tridelldp_uio_0,uio_a_0_retarget_stuckat_edt_edt_low_internal_loopback,,PASS,Sebastian Porras,nio_uio-a0-26ww26a
Stack Level,parmiopcie6tridelldp_uio_0,uio_a_0_retarget_stuckat_edt_edt_low_internal_serial_chain,,PASS,Emmanuel Araya,nio_uio-a0-26ww26a
Stack Level,parmiopcie6tridelldp_uio_0,uio_a_0_retarget_stuckat_edt_edt_low_internal_serial_scan,,PASS,Emmanuel Araya,nio_uio-a0-26ww26a
Partition Level,parmiopcie6ttcore_uio_0,atspeed_edt_edt_low_internal_serial_scan,[NWP] scan: edten atspeed proxy,PASS,Mario Alpizar,nio_uio-a0-26ww26a
Partition Level,parmiopcie6ttcore_uio_0,parmiopcie6ttcore_uio_0_ub_i_ult_scan_ctlr_stuckat_edt_bypass_low_internal_scandump,[NWP] scan: scandump,PASS,Mario Alpizar,nio_uio-a0-26ww26a
Partition Level,parmiopcie6ttcore_uio_0,ssn_continuity,[NWP] SSN: continuity,PASS,Sebastian Porras,nio_uio-a0-26ww26a
Partition Level,parmiopcie6ttcore_uio_0,stuckat_edt_bypass_low_internal_burnin_togcnt_cap_off,[NWP] scan: Burnin,PASS,Mario Alpizar,nio_uio-a0-26ww26a
Partition Level,parmiopcie6ttcore_uio_0,stuckat_edt_bypass_low_internal_serial_chain,[NWP] scan: edtbyp cont proxy,PASS,Mario Alpizar,nio_uio-a0-26ww26a
Partition Level,parmiopcie6ttcore_uio_0,stuckat_edt_bypass_low_internal_serial_scan,[NWP] scan: edtbyp stuckat proxy,PASS,Mario Alpizar,nio_uio-a0-26ww26a
Partition Level,parmiopcie6ttcore_uio_0,stuckat_edt_edt_low_internal_loopback,[NWP] SSN: endpoint loopback,PASS,Sebastian Porras,nio_uio-a0-26ww26a
Partition Level,parmiopcie6ttcore_uio_0,stuckat_edt_edt_low_internal_serial_chain,[NWP] scan: edten cont proxy,PASS,Mario Alpizar,nio_uio-a0-26ww26a
Partition Level,parmiopcie6ttcore_uio_0,stuckat_edt_edt_low_internal_serial_scan,[NWP] scan: edten stuckat proxy,PASS,Mario Alpizar,nio_uio-a0-26ww26a
Stack Level,parmiopcie6ttcore_uio_0,uio_a_0_retarget_atspeed_edt_edt_low_internal_serial_scan,,PASS,Mario Alpizar,nio_uio-a0-26ww26a
Stack Level,parmiopcie6ttcore_uio_0,uio_a_0_retarget_stuckat_edt_edt_low_internal_loopback,,PASS,Sebastian Porras,nio_uio-a0-26ww26a
Stack Level,parmiopcie6ttcore_uio_0,uio_a_0_retarget_stuckat_edt_edt_low_internal_serial_chain,,PASS,Mario Alpizar,nio_uio-a0-26ww26a
Stack Level,parmiopcie6ttcore_uio_0,uio_a_0_retarget_stuckat_edt_edt_low_internal_serial_scan,,PASS,Mario Alpizar,nio_uio-a0-26ww26a
Partition Level,parmiopcie6ttidecee_uio_0,atspeed_edt_edt_low_internal_serial_scan,[NWP] scan: edten atspeed proxy,PASS,Emmanuel Araya,nio_uio-a0-26ww26a
Partition Level,parmiopcie6ttidecee_uio_0,parmiopcie6ttidecee_uio_0_ub_i_ult_scan_ctlr_stuckat_edt_bypass_low_internal_scandump,[NWP] scan: scandump,PASS,Emmanuel Araya,nio_uio-a0-26ww26a
Partition Level,parmiopcie6ttidecee_uio_0,ssn_continuity,[NWP] SSN: continuity,PASS,Sebastian Porras,nio_uio-a0-26ww26a
Partition Level,parmiopcie6ttidecee_uio_0,stuckat_edt_bypass_low_internal_burnin_togcnt_cap_off,[NWP] scan: Burnin,PASS,Emmanuel Araya,nio_uio-a0-26ww26a
Partition Level,parmiopcie6ttidecee_uio_0,stuckat_edt_bypass_low_internal_serial_chain,[NWP] scan: edtbyp cont proxy,PASS,Emmanuel Araya,nio_uio-a0-26ww26a
Partition Level,parmiopcie6ttidecee_uio_0,stuckat_edt_bypass_low_internal_serial_scan,[NWP] scan: edtbyp stuckat proxy,PASS,Emmanuel Araya,nio_uio-a0-26ww26a
Partition Level,parmiopcie6ttidecee_uio_0,stuckat_edt_edt_low_internal_loopback,[NWP] SSN: endpoint loopback,PASS,Sebastian Porras,nio_uio-a0-26ww26a
Partition Level,parmiopcie6ttidecee_uio_0,stuckat_edt_edt_low_internal_serial_chain,[NWP] scan: edten cont proxy,PASS,Emmanuel Araya,nio_uio-a0-26ww26a
Partition Level,parmiopcie6ttidecee_uio_0,stuckat_edt_edt_low_internal_serial_scan,[NWP] scan: edten stuckat proxy,PASS,Emmanuel Araya,nio_uio-a0-26ww26a
Stack Level,parmiopcie6ttidecee_uio_0,uio_a_0_retarget_atspeed_edt_edt_low_internal_serial_scan,,PASS,Emmanuel Araya,nio_uio-a0-26ww26a
Stack Level,parmiopcie6ttidecee_uio_0,uio_a_0_retarget_stuckat_edt_edt_low_internal_loopback,,PASS,Sebastian Porras,nio_uio-a0-26ww26a
Stack Level,parmiopcie6ttidecee_uio_0,uio_a_0_retarget_stuckat_edt_edt_low_internal_serial_chain,,PASS,Emmanuel Araya,nio_uio-a0-26ww26a
Stack Level,parmiopcie6ttidecee_uio_0,uio_a_0_retarget_stuckat_edt_edt_low_internal_serial_scan,,PASS,Emmanuel Araya,nio_uio-a0-26ww26a
Partition Level,parmiostaticmux_uio_0,atspeed_edt_edt_low_internal_serial_scan,[NWP] scan: edten atspeed proxy,PASS,Mario Alpizar,nio_uio-a0-26ww26a
Partition Level,parmiostaticmux_uio_0,parmiostaticmux_uio_0_ub_i_ult_scan_ctlr_stuckat_edt_bypass_low_internal_scandump,[NWP] scan: scandump,PASS,Mario Alpizar,nio_uio-a0-26ww26a
Partition Level,parmiostaticmux_uio_0,ssn_continuity,[NWP] SSN: continuity,PASS,Sebastian Porras,nio_uio-a0-26ww26a
Partition Level,parmiostaticmux_uio_0,stuckat_edt_bypass_low_internal_burnin_togcnt_cap_off,[NWP] scan: Burnin,PASS,Mario Alpizar,nio_uio-a0-26ww26a
Partition Level,parmiostaticmux_uio_0,stuckat_edt_bypass_low_internal_serial_chain,[NWP] scan: edtbyp cont proxy,PASS,Mario Alpizar,nio_uio-a0-26ww26a
Partition Level,parmiostaticmux_uio_0,stuckat_edt_bypass_low_internal_serial_scan,[NWP] scan: edtbyp stuckat proxy,PASS,Mario Alpizar,nio_uio-a0-26ww26a
Partition Level,parmiostaticmux_uio_0,stuckat_edt_edt_low_internal_loopback,[NWP] SSN: endpoint loopback,PASS,Sebastian Porras,nio_uio-a0-26ww26a
Partition Level,parmiostaticmux_uio_0,stuckat_edt_edt_low_internal_serial_chain,[NWP] scan: edten cont proxy,PASS,Mario Alpizar,nio_uio-a0-26ww26a
Partition Level,parmiostaticmux_uio_0,stuckat_edt_edt_low_internal_serial_scan,[NWP] scan: edten stuckat proxy,PASS,Mario Alpizar,nio_uio-a0-26ww26a
Stack Level,parmiostaticmux_uio_0,uio_a_0_retarget_atspeed_edt_edt_low_internal_serial_scan,,PASS,Mario Alpizar,nio_uio-a0-26ww26a
Stack Level,parmiostaticmux_uio_0,uio_a_0_retarget_stuckat_edt_edt_low_internal_loopback,,PASS,Sebastian Porras,nio_uio-a0-26ww26a
Stack Level,parmiostaticmux_uio_0,uio_a_0_retarget_stuckat_edt_edt_low_internal_serial_chain,,PASS,Mario Alpizar,nio_uio-a0-26ww26a
Stack Level,parmiostaticmux_uio_0,uio_a_0_retarget_stuckat_edt_edt_low_internal_serial_scan,,PASS,Mario Alpizar,nio_uio-a0-26ww26a
Partition Level,parmioula_uio_0,atspeed_edt_edt_low_internal_serial_scan,[NWP] scan: edten atspeed proxy,PASS,Mauricio Segura,nio_uio-a0-26ww26a
Partition Level,parmioula_uio_0,parmioula_uio_0_ub_i_ult_scan_ctlr_stuckat_edt_bypass_low_internal_scandump,[NWP] scan: scandump,PASS,Mauricio Segura,nio_uio-a0-26ww26a
Partition Level,parmioula_uio_0,ssn_continuity,[NWP] SSN: continuity,PASS,Sebastian Porras,nio_uio-a0-26ww26a
Partition Level,parmioula_uio_0,stuckat_edt_bypass_low_internal_burnin_togcnt_cap_off,[NWP] scan: Burnin,PASS,Mauricio Segura,nio_uio-a0-26ww26a
Partition Level,parmioula_uio_0,stuckat_edt_bypass_low_internal_serial_chain,[NWP] scan: edtbyp cont proxy,PASS,Mauricio Segura,nio_uio-a0-26ww26a
Partition Level,parmioula_uio_0,stuckat_edt_bypass_low_internal_serial_scan,[NWP] scan: edtbyp stuckat proxy,PASS,Mauricio Segura,nio_uio-a0-26ww26a
Partition Level,parmioula_uio_0,stuckat_edt_edt_low_internal_loopback,[NWP] SSN: endpoint loopback,PASS,Sebastian Porras,nio_uio-a0-26ww26a
Partition Level,parmioula_uio_0,stuckat_edt_edt_low_internal_serial_chain,[NWP] scan: edten cont proxy,PASS,Mauricio Segura,nio_uio-a0-26ww26a
Partition Level,parmioula_uio_0,stuckat_edt_edt_low_internal_serial_scan,[NWP] scan: edten stuckat proxy,PASS,Mauricio Segura,nio_uio-a0-26ww26a
Stack Level,parmioula_uio_0,uio_a_0_retarget_atspeed_edt_edt_low_internal_serial_scan,,PASS,Mauricio Segura,nio_uio-a0-26ww26a
Stack Level,parmioula_uio_0,uio_a_0_retarget_stuckat_edt_edt_low_internal_loopback,,PASS,Sebastian Porras,nio_uio-a0-26ww26a
Stack Level,parmioula_uio_0,uio_a_0_retarget_stuckat_edt_edt_low_internal_serial_chain,,PASS,Mauricio Segura,nio_uio-a0-26ww26a
Stack Level,parmioula_uio_0,uio_a_0_retarget_stuckat_edt_edt_low_internal_serial_scan,,PASS,Mauricio Segura,nio_uio-a0-26ww26a
Stack Level,uio_a_0,ssn_continuity,[NWP] SSN: continuity,PASS,Sebastian Porras,nio_uio-a0-26ww26a
