report_name,report_timestamp,stack,total,pass,fail,missing,pass_pct,fail_pct,missing_pct
general_report_20260409_153617.csv,2026-04-09 15:36:17,d2d,18,10,4,4,55.56,22.22,22.22
general_report_20260409_153617.csv,2026-04-09 15:36:17,mc,45,29,7,9,64.44,15.56,20.00
general_report_20260409_153617.csv,2026-04-09 15:36:17,uio,153,79,19,55,51.63,12.42,35.95
general_report_20260413_084510.csv,2026-04-13 08:45:10,d2d,18,10,4,4,55.56,22.22,22.22
general_report_20260413_084510.csv,2026-04-13 08:45:10,mc,45,29,7,9,64.44,15.56,20.00
general_report_20260413_084510.csv,2026-04-13 08:45:10,uio,153,103,19,31,67.32,12.42,20.26
general_report_20260414_100816.csv,2026-04-14 10:08:16,d2d,18,10,4,4,55.56,22.22,22.22
general_report_20260414_100816.csv,2026-04-14 10:08:16,mc,45,29,7,9,64.44,15.56,20.00
general_report_20260414_100816.csv,2026-04-14 10:08:16,uio,153,103,19,31,67.32,12.42,20.26
general_report_20260424_112509.csv,2026-04-24 11:25:09,d2d,18,16,2,0,88.89,11.11,0.00
general_report_20260424_112509.csv,2026-04-24 11:25:09,mc,45,27,1,17,60.00,2.22,37.78
general_report_20260424_112509.csv,2026-04-24 11:25:09,uio,172,140,6,26,81.40,3.49,15.12
general_report_20260427_113555.csv,2026-04-27 11:35:55,d2d,18,16,2,0,88.89,11.11,0.00
general_report_20260427_113555.csv,2026-04-27 11:35:55,mc,45,27,1,17,60.00,2.22,37.78
general_report_20260427_113555.csv,2026-04-27 11:35:55,uio,153,126,1,26,82.35,0.65,16.99
general_report_20260504_091605.csv,2026-05-04 09:16:05,d2d,18,16,2,0,88.89,11.11,0.00
general_report_20260504_091605.csv,2026-05-04 09:16:05,mc,45,27,1,17,60.00,2.22,37.78
general_report_20260504_091605.csv,2026-05-04 09:16:05,uio,153,129,1,23,84.31,0.65,15.03
general_report_20260507_101951.csv,2026-05-07 10:19:51,d2d,18,16,2,0,88.89,11.11,0.00
general_report_20260507_101951.csv,2026-05-07 10:19:51,mc,47,29,2,16,61.70,4.26,34.04
general_report_20260507_101951.csv,2026-05-07 10:19:51,uio,153,129,1,23,84.31,0.65,15.03
general_report_20260511_103848.csv,2026-05-11 10:38:48,d2d,18,16,2,0,88.89,11.11,0.00
general_report_20260511_103848.csv,2026-05-11 10:38:48,mc,47,29,2,16,61.70,4.26,34.04
general_report_20260511_103848.csv,2026-05-11 10:38:48,uio,153,129,1,23,84.31,0.65,15.03
general_report_20260515_141845.csv,2026-05-15 14:18:45,d2d,14,14,0,0,100.00,0.00,0.00
general_report_20260515_141845.csv,2026-05-15 14:18:45,mc,35,25,0,10,71.43,0.00,28.57
general_report_20260515_141845.csv,2026-05-15 14:18:45,uio,119,105,0,14,88.24,0.00,11.76
general_report_20260518_102442.csv,2026-05-18 10:24:42,d2d,14,14,0,0,100.00,0.00,0.00
general_report_20260518_102442.csv,2026-05-18 10:24:42,mc,35,25,0,10,71.43,0.00,28.57
general_report_20260518_102442.csv,2026-05-18 10:24:42,uio,119,105,0,14,88.24,0.00,11.76
general_report_20260522_154753.csv,2026-05-22 15:47:53,d2d,36,34,0,2,94.44,0.00,5.56
general_report_20260522_154753.csv,2026-05-22 15:47:53,mc,45,32,0,13,71.11,0.00,28.89
general_report_20260522_154753.csv,2026-05-22 15:47:53,uio,162,141,0,21,87.04,0.00,12.96
general_report_20260525_161358.csv,2026-05-25 16:13:58,d2d,36,34,0,2,94.44,0.00,5.56
general_report_20260525_161358.csv,2026-05-25 16:13:58,mc,45,32,0,13,71.11,0.00,28.89
general_report_20260525_161358.csv,2026-05-25 16:13:58,uio,162,141,0,21,87.04,0.00,12.96
general_report_20260527_104830.csv,2026-05-27 10:48:30,d2d,36,34,0,2,94.44,0.00,5.56
general_report_20260527_104830.csv,2026-05-27 10:48:30,mc,45,32,0,13,71.11,0.00,28.89
general_report_20260527_104830.csv,2026-05-27 10:48:30,uio,162,141,0,21,87.04,0.00,12.96
general_report_20260527_105256.csv,2026-05-27 10:52:56,d2d,36,34,0,2,94.44,0.00,5.56
general_report_20260527_105256.csv,2026-05-27 10:52:56,mc,45,32,0,13,71.11,0.00,28.89
general_report_20260527_105256.csv,2026-05-27 10:52:56,uio,162,141,0,21,87.04,0.00,12.96
general_report_20260527_105607.csv,2026-05-27 10:56:07,d2d,36,34,0,2,94.44,0.00,5.56
general_report_20260527_105607.csv,2026-05-27 10:56:07,mc,45,32,0,13,71.11,0.00,28.89
general_report_20260527_105607.csv,2026-05-27 10:56:07,uio,162,141,0,21,87.04,0.00,12.96
general_report_20260527_105804.csv,2026-05-27 10:58:04,d2d,36,34,0,2,94.44,0.00,5.56
general_report_20260527_105804.csv,2026-05-27 10:58:04,mc,45,32,0,13,71.11,0.00,28.89
general_report_20260527_105804.csv,2026-05-27 10:58:04,uio,162,141,0,21,87.04,0.00,12.96
general_report_20260527_111055.csv,2026-05-27 11:10:55,d2d,36,34,0,2,94.44,0.00,5.56
general_report_20260527_111055.csv,2026-05-27 11:10:55,mc,45,32,0,13,71.11,0.00,28.89
general_report_20260527_111055.csv,2026-05-27 11:10:55,uio,162,141,0,21,87.04,0.00,12.96
general_report_20260527_111243.csv,2026-05-27 11:12:43,d2d,36,34,0,2,94.44,0.00,5.56
general_report_20260527_111243.csv,2026-05-27 11:12:43,mc,45,32,0,13,71.11,0.00,28.89
general_report_20260527_111243.csv,2026-05-27 11:12:43,uio,162,141,0,21,87.04,0.00,12.96
general_report_20260527_111801.csv,2026-05-27 11:18:01,d2d,36,34,0,2,94.44,0.00,5.56
general_report_20260527_111801.csv,2026-05-27 11:18:01,mc,45,32,0,13,71.11,0.00,28.89
general_report_20260527_111801.csv,2026-05-27 11:18:01,uio,162,141,0,21,87.04,0.00,12.96
general_report_20260527_112021.csv,2026-05-27 11:20:21,d2d,36,34,0,2,94.44,0.00,5.56
general_report_20260527_112021.csv,2026-05-27 11:20:21,mc,45,32,0,13,71.11,0.00,28.89
general_report_20260527_112021.csv,2026-05-27 11:20:21,uio,162,141,0,21,87.04,0.00,12.96
general_report_20260527_112617.csv,2026-05-27 11:26:17,d2d,36,34,0,2,94.44,0.00,5.56
general_report_20260527_112617.csv,2026-05-27 11:26:17,mc,45,32,0,13,71.11,0.00,28.89
general_report_20260527_112617.csv,2026-05-27 11:26:17,uio,162,141,0,21,87.04,0.00,12.96
general_report_20260527_112809.csv,2026-05-27 11:28:09,d2d,36,34,0,2,94.44,0.00,5.56
general_report_20260527_112809.csv,2026-05-27 11:28:09,mc,45,32,0,13,71.11,0.00,28.89
general_report_20260527_112809.csv,2026-05-27 11:28:09,uio,162,141,0,21,87.04,0.00,12.96
general_report_20260527_113301.csv,2026-05-27 11:33:01,d2d,36,34,0,2,94.44,0.00,5.56
general_report_20260527_113301.csv,2026-05-27 11:33:01,mc,45,32,0,13,71.11,0.00,28.89
general_report_20260527_113301.csv,2026-05-27 11:33:01,uio,162,141,0,21,87.04,0.00,12.96
general_report_20260527_113325.csv,2026-05-27 11:33:25,d2d,36,34,0,2,94.44,0.00,5.56
general_report_20260527_113325.csv,2026-05-27 11:33:25,mc,45,32,0,13,71.11,0.00,28.89
general_report_20260527_113325.csv,2026-05-27 11:33:25,uio,162,141,0,21,87.04,0.00,12.96
general_report_20260527_113804.csv,2026-05-27 11:38:04,d2d,36,34,0,2,94.44,0.00,5.56
general_report_20260527_113804.csv,2026-05-27 11:38:04,mc,45,32,0,13,71.11,0.00,28.89
general_report_20260527_113804.csv,2026-05-27 11:38:04,uio,162,141,0,21,87.04,0.00,12.96
general_report_20260527_114135.csv,2026-05-27 11:41:35,d2d,36,34,0,2,94.44,0.00,5.56
general_report_20260527_114135.csv,2026-05-27 11:41:35,mc,45,32,0,13,71.11,0.00,28.89
general_report_20260527_114135.csv,2026-05-27 11:41:35,uio,162,141,0,21,87.04,0.00,12.96
