test_name,test_status,test_result
parmioula_uio_0_uio_a_0_retarget_stuckat_edt_edt_low_internal_serial_scan,PASS,PASS
parmioula_uio_0_uio_a_0_retarget_stuckat_edt_edt_low_internal_loopback,PASS,PASS
parmiostaticmux_uio_0_uio_a_0_retarget_stuckat_edt_edt_low_internal_serial_scan,PASS,PASS
parmioula_uio_0_uio_a_0_retarget_stuckat_edt_edt_low_internal_serial_chain,PASS,PASS
parmiostaticmux_uio_0_uio_a_0_retarget_stuckat_edt_edt_low_internal_loopback,PASS,PASS
parmiopcie6ttcore_uio_0_uio_a_0_retarget_stuckat_edt_edt_low_internal_loopback,PASS,PASS
parmiostaticmux_uio_0_uio_a_0_retarget_stuckat_edt_edt_low_internal_serial_chain,PASS,PASS
parmiopcie6tridelldp_uio_0_uio_a_0_retarget_stuckat_edt_edt_low_internal_serial_scan,PASS,PASS
parmiopcie6tridelldp_uio_0_uio_a_0_retarget_stuckat_edt_edt_low_internal_serial_chain,PASS,PASS
parmiopcie6ttidecee_uio_0_uio_a_0_retarget_stuckat_edt_edt_low_internal_serial_scan,PASS,PASS
parmiopcie6ttidecee_uio_0_uio_a_0_retarget_stuckat_edt_edt_low_internal_serial_chain,PASS,PASS
parmiopcie6ttcore_uio_0_uio_a_0_retarget_stuckat_edt_edt_low_internal_serial_chain,PASS,PASS
parmiopcie6trcore_uio_0_uio_a_0_retarget_stuckat_edt_edt_low_internal_serial_scan,PASS,PASS
parmiootc_uio_0_uio_a_0_retarget_stuckat_edt_edt_low_internal_serial_scan,PASS,PASS
parmiopcie6tridelldp_uio_0_uio_a_0_retarget_stuckat_edt_edt_low_internal_loopback,PASS,PASS
parmiopcie6ttidecee_uio_0_uio_a_0_retarget_stuckat_edt_edt_low_internal_loopback,PASS,PASS
parmiopcie6ttcore_uio_0_uio_a_0_retarget_stuckat_edt_edt_low_internal_serial_scan,PASS,PASS
parmiootc_uio_0_uio_a_0_retarget_stuckat_edt_edt_low_internal_loopback,PASS,PASS
parmiopcie6trcore_uio_0_uio_a_0_retarget_stuckat_edt_edt_low_internal_serial_chain,PASS,PASS
parmiootc_uio_0_uio_a_0_retarget_stuckat_edt_edt_low_internal_serial_chain,PASS,PASS
parmiomisc_uio_0_uio_a_0_retarget_stuckat_edt_edt_low_internal_serial_scan,PASS,PASS
parmiopcie6trcore_uio_0_uio_a_0_retarget_stuckat_edt_edt_low_internal_loopback,PASS,PASS
parmiomisc_uio_0_uio_a_0_retarget_stuckat_edt_edt_low_internal_loopback,PASS,PASS
parmiomisc_uio_0_uio_a_0_retarget_stuckat_edt_edt_low_internal_serial_chain,PASS,PASS
parmioiommu_uio_0_uio_a_0_retarget_stuckat_edt_edt_low_internal_serial_scan,PASS,PASS
parmioitc_uio_0_uio_a_0_retarget_stuckat_edt_edt_low_internal_serial_scan,PASS,PASS
parmioitc_uio_0_uio_a_0_retarget_stuckat_edt_edt_low_internal_loopback,PASS,PASS
parmioiommu_uio_0_uio_a_0_retarget_stuckat_edt_edt_low_internal_loopback,PASS,PASS
parmioiommu_uio_0_uio_a_0_retarget_stuckat_edt_edt_low_internal_serial_chain,PASS,PASS
parmiohap_uio_0_uio_a_0_retarget_stuckat_edt_edt_low_internal_serial_scan,PASS,PASS
parmiofblprxfcrarbmux_uio_a_0_retarget_stuckat_edt_edt_low_internal_serial_scan,PASS,PASS
parmiofblprxfcrarbmux_uio_a_0_retarget_stuckat_edt_edt_low_internal_serial_chain,PASS,PASS
parmioitc_uio_0_uio_a_0_retarget_stuckat_edt_edt_low_internal_serial_chain,PASS,PASS
parmiohap_uio_0_uio_a_0_retarget_stuckat_edt_edt_low_internal_loopback,PASS,PASS
parmiohap_uio_0_uio_a_0_retarget_stuckat_edt_edt_low_internal_serial_chain,PASS,PASS
parmiofblptx_uio_a_0_retarget_stuckat_edt_edt_low_internal_serial_scan,PASS,PASS
parmiofblptx_uio_a_0_retarget_stuckat_edt_edt_low_internal_loopback,PASS,PASS
parmiofblptx_uio_a_0_retarget_stuckat_edt_edt_low_internal_serial_chain,PASS,PASS
parmiocxltx_uio_0_uio_a_0_retarget_stuckat_edt_edt_low_internal_serial_scan,PASS,PASS
parmiofblpvnpipeac_uio_0_uio_a_0_retarget_stuckat_edt_edt_low_internal_serial_scan,PASS,PASS
parmiofblprxfcrarbmux_uio_a_0_retarget_stuckat_edt_edt_low_internal_loopback,PASS,PASS
parmiofblpvnpipeac_uio_0_uio_a_0_retarget_stuckat_edt_edt_low_internal_serial_chain,PASS,PASS
parmiofblpvnpipeac_uio_0_uio_a_0_retarget_stuckat_edt_edt_low_internal_loopback,PASS,PASS
parmiocxltx_uio_0_uio_a_0_retarget_stuckat_edt_edt_low_internal_loopback,PASS,PASS
parmiocxlrx_uio_0_uio_a_0_retarget_stuckat_edt_edt_low_internal_serial_scan,PASS,PASS
parmiocpc_uio_0_uio_a_0_retarget_stuckat_edt_edt_low_internal_serial_scan,PASS,PASS
parmiocxlrx_uio_0_uio_a_0_retarget_stuckat_edt_edt_low_internal_loopback,PASS,PASS
parmiocxltx_uio_0_uio_a_0_retarget_stuckat_edt_edt_low_internal_serial_chain,PASS,PASS
parmiocxlrx_uio_0_uio_a_0_retarget_stuckat_edt_edt_low_internal_serial_chain,PASS,PASS
parmiocpc_uio_0_uio_a_0_retarget_stuckat_edt_edt_low_internal_serial_chain,PASS,PASS
parmiofblpvnpipeac_uio_0_atspeed_edt_edt_low_internal_serial_scan,PASS,PASS
parmiofblprxfcrarbmux_stuckat_edt_edt_low_internal_serial_scan,PASS,PASS
parmiofblptx_stuckat_edt_bypass_low_internal_serial_scan,PASS,PASS
parmiofblprxfcrarbmux_stuckat_edt_edt_low_internal_serial_chain,PASS,PASS
parmiofblprxfcrarbmux_stuckat_edt_bypass_low_internal_serial_scan,PASS,PASS
parmiofblptx_stuckat_edt_edt_low_internal_serial_chain,PASS,PASS
parmiofblptx_stuckat_edt_edt_low_internal_serial_scan,PASS,PASS
parmiofblprxfcrarbmux_stuckat_edt_bypass_low_internal_serial_chain,PASS,PASS
parmiofblprxfcrarbmux_atspeed_edt_edt_low_internal_serial_scan,PASS,PASS
parmiofblptx_stuckat_edt_bypass_low_internal_serial_chain,PASS,PASS
parmiofblptx_atspeed_edt_edt_low_internal_serial_scan,PASS,PASS
parmiocpc_uio_0_uio_a_0_retarget_stuckat_edt_edt_low_internal_loopback,PASS,PASS
parmioasf_uio_0_uio_a_0_retarget_stuckat_edt_edt_low_internal_serial_scan,PASS,PASS
parmiopcie6ttidecee_uio_0_uio_a_0_retarget_atspeed_edt_edt_low_internal_serial_scan,PASS,PASS
parmiocpc_uio_0_uio_a_0_retarget_stuckat_edt_edt_low_internal_serial_scan,PASS,PASS
parmioasf_uio_0_uio_a_0_retarget_stuckat_edt_edt_low_internal_serial_scan,PASS,PASS
parmiocxlrx_uio_0_uio_a_0_retarget_stuckat_edt_edt_low_internal_serial_scan,PASS,PASS
parmiocxlrx_uio_0_uio_a_0_retarget_stuckat_edt_edt_low_internal_serial_chain,PASS,PASS
parmiocpc_uio_0_uio_a_0_retarget_stuckat_edt_edt_low_internal_serial_chain,PASS,PASS
parmioula_uio_0_uio_a_0_retarget_atspeed_edt_edt_low_internal_serial_scan,PASS,PASS
parmiostaticmux_uio_0_uio_a_0_retarget_atspeed_edt_edt_low_internal_serial_scan,PASS,PASS
parmiopcie6ttcore_uio_0_uio_a_0_retarget_atspeed_edt_edt_low_internal_serial_scan,PASS,PASS
parmioasf_uio_0_uio_a_0_retarget_stuckat_edt_edt_low_internal_serial_chain,PASS,PASS
parmiopcie6tridelldp_uio_0_uio_a_0_retarget_atspeed_edt_edt_low_internal_serial_scan,PASS,PASS
parmioasf_uio_0_uio_a_0_retarget_stuckat_edt_edt_low_internal_loopback,PASS,PASS
parmioasf_uio_0_uio_a_0_retarget_stuckat_edt_edt_low_internal_serial_chain,PASS,PASS
parmiostaticmux_uio_0_uio_a_0_retarget_atspeed_edt_edt_low_internal_serial_scan,PASS,PASS
parmioula_uio_0_uio_a_0_retarget_atspeed_edt_edt_low_internal_serial_scan,PASS,PASS
parmioiommu_uio_0_uio_a_0_retarget_atspeed_edt_edt_low_internal_serial_scan,PASS,PASS
parmioitc_uio_0_uio_a_0_retarget_atspeed_edt_edt_low_internal_serial_scan,PASS,PASS
parmiohap_uio_0_uio_a_0_retarget_atspeed_edt_edt_low_internal_serial_scan,PASS,PASS
parmiofblptx_uio_a_0_retarget_atspeed_edt_edt_low_internal_serial_scan,PASS,PASS
parmiofblprxfcrarbmux_uio_a_0_retarget_atspeed_edt_edt_low_internal_serial_scan,PASS,PASS
parmiofblpvnpipeac_uio_0_uio_a_0_retarget_atspeed_edt_edt_low_internal_serial_scan,PASS,PASS
parmiocxltx_uio_0_uio_a_0_retarget_atspeed_edt_edt_low_internal_serial_scan,PASS,PASS
parmioula_uio_0_stuckat_edt_edt_low_internal_serial_scan,PASS,PASS
parmiopcie6tridelldp_uio_0_stuckat_edt_edt_low_internal_serial_scan,PASS,PASS
parmiopcie6tridelldp_uio_0_stuckat_edt_edt_low_internal_serial_chain,PASS,PASS
parmiopcie6tridelldp_uio_0_stuckat_edt_bypass_low_internal_serial_chain,PASS,PASS
parmiopcie6tridelldp_uio_0_stuckat_edt_bypass_low_internal_serial_scan,PASS,PASS
parmiopcie6tridelldp_uio_0_atspeed_edt_edt_low_internal_serial_scan,PASS,PASS
parmiopcie6trcore_uio_0_stuckat_edt_edt_low_internal_serial_scan,PASS,PASS
parmiocxlrx_uio_0_uio_a_0_retarget_atspeed_edt_edt_low_internal_serial_scan,PASS,PASS
parmiocpc_uio_0_uio_a_0_retarget_atspeed_edt_edt_low_internal_serial_scan,PASS,PASS
parmiostaticmux_uio_0_uio_a_0_retarget_stuckat_edt_edt_low_internal_loopback,PASS,PASS
parmioasf_uio_0_uio_a_0_retarget_atspeed_edt_edt_low_internal_serial_scan,PASS,PASS
parmiopcie6ttidecee_uio_0_uio_a_0_retarget_stuckat_edt_edt_low_internal_loopback,PASS,PASS
parmiootc_uio_0_uio_a_0_retarget_stuckat_edt_edt_low_internal_loopback,PASS,PASS
parmiopcie6ttcore_uio_0_uio_a_0_retarget_stuckat_edt_edt_low_internal_loopback,PASS,PASS
parmiopcie6tridelldp_uio_0_uio_a_0_retarget_stuckat_edt_edt_low_internal_loopback,PASS,PASS
parmiopcie6trcore_uio_0_uio_a_0_retarget_stuckat_edt_edt_low_internal_loopback,PASS,PASS
parmiomisc_uio_0_uio_a_0_retarget_stuckat_edt_edt_low_internal_loopback,PASS,PASS
parmioiommu_uio_0_uio_a_0_retarget_stuckat_edt_edt_low_internal_loopback,PASS,PASS
parmioitc_uio_0_uio_a_0_retarget_stuckat_edt_edt_low_internal_loopback,PASS,PASS
parmiohap_uio_0_uio_a_0_retarget_stuckat_edt_edt_low_internal_loopback,PASS,PASS
parmiopcie6ttidecee_uio_0_uio_a_0_retarget_atspeed_edt_edt_low_internal_serial_scan,PASS,PASS
parmiofblpvnpipeac_uio_0_uio_a_0_retarget_stuckat_edt_edt_low_internal_loopback,PASS,PASS
parmiopcie6ttcore_uio_0_uio_a_0_retarget_atspeed_edt_edt_low_internal_serial_scan,PASS,PASS
parmiomisc_uio_0_uio_a_0_retarget_atspeed_edt_edt_low_internal_serial_scan,PASS,PASS
parmiootc_uio_0_uio_a_0_retarget_atspeed_edt_edt_low_internal_serial_scan,PASS,PASS
parmiopcie6tridelldp_uio_0_uio_a_0_retarget_atspeed_edt_edt_low_internal_serial_scan,PASS,PASS
parmiopcie6trcore_uio_0_uio_a_0_retarget_atspeed_edt_edt_low_internal_serial_scan,PASS,PASS
parmioitc_uio_0_uio_a_0_retarget_atspeed_edt_edt_low_internal_serial_scan,PASS,PASS
parmioiommu_uio_0_uio_a_0_retarget_atspeed_edt_edt_low_internal_serial_scan,PASS,PASS
parmiohap_uio_0_uio_a_0_retarget_atspeed_edt_edt_low_internal_serial_scan,PASS,PASS
parmiofblptx_uio_a_0_retarget_atspeed_edt_edt_low_internal_serial_scan,PASS,PASS
parmiofblprxfcrarbmux_uio_a_0_retarget_atspeed_edt_edt_low_internal_serial_scan,PASS,PASS
parmiofblpvnpipeac_uio_0_uio_a_0_retarget_atspeed_edt_edt_low_internal_serial_scan,PASS,PASS
parmioula_uio_0_stuckat_edt_bypass_low_internal_burnin_togcnt_cap_off,PASS,PASS
parmiostaticmux_uio_0_stuckat_edt_bypass_low_internal_burnin_togcnt_cap_off,PASS,PASS
parmioula_uio_0_parmioula_uio_0_ub_i_ult_scan_ctlr_stuckat_edt_bypass_low_internal_scandump,PASS,PASS
parmiomisc_uio_0_stuckat_edt_edt_low_internal_serial_scan,PASS,PASS
parmiomisc_uio_0_stuckat_edt_edt_low_internal_serial_chain,PASS,PASS
parmiomisc_uio_0_stuckat_edt_bypass_low_internal_serial_scan,PASS,PASS
parmiomisc_uio_0_stuckat_edt_bypass_low_internal_serial_chain,PASS,PASS
parmiomisc_uio_0_atspeed_edt_edt_low_internal_sih_serial_chain,PASS,PASS
parmiomisc_uio_0_atspeed_edt_edt_low_internal_sih_serial_scan,PASS,PASS
parmiomisc_uio_0_atspeed_edt_edt_low_internal_serial_scan,PASS,PASS
parmioitc_uio_0_stuckat_edt_edt_low_internal_serial_scan,PASS,PASS
parmioitc_uio_0_stuckat_edt_bypass_low_internal_serial_chain,PASS,PASS
parmiohap_uio_0_ssn_continuity,PASS,PASS
parmiohap_uio_0_stuckat_edt_edt_low_internal_loopback,PASS,PASS
parmiostaticmux_uio_0_parmiostaticmux_uio_0_ub_i_ult_scan_ctlr_stuckat_edt_bypass_low_internal_scandump,PASS,PASS
parmioitc_uio_0_stuckat_edt_bypass_low_internal_serial_scan,PASS,PASS
parmioitc_uio_0_ssn_continuity,PASS,PASS
parmioiommu_uio_0_ssn_continuity,PASS,PASS
parmioiommu_uio_0_stuckat_edt_edt_low_internal_loopback,PASS,PASS
parmiopcie6ttidecee_uio_0_icl_verify_dft,PASS,PASS
parmioitc_uio_0_atspeed_edt_edt_low_internal_serial_scan,PASS,PASS
parmioitc_uio_0_stuckat_edt_edt_low_internal_serial_chain,PASS,PASS
parmiofblpvnpipeac_uio_0_stuckat_edt_edt_low_internal_loopback,PASS,PASS
parmioitc_uio_0_stuckat_edt_edt_low_internal_loopback,PASS,PASS
parmiopcie6ttidecee_uio_0_stuckat_edt_bypass_low_internal_burnin_togcnt_cap_off,PASS,PASS
parmiopcie6ttidecee_uio_0_parmiopcie6ttidecee_uio_0_ub_i_ult_scan_ctlr_stuckat_edt_bypass_low_internal_scandump,PASS,PASS
parmiopcie6ttcore_uio_0_icl_verify_dft,PASS,PASS
parmiopcie6ttcore_uio_0_parmiopcie6ttcore_uio_0_ub_i_ult_scan_ctlr_stuckat_edt_bypass_low_internal_scandump,PASS,PASS
parmiopcie6tridelldp_uio_0_stuckat_edt_bypass_low_internal_burnin_togcnt_cap_off,PASS,PASS
parmiopcie6ttcore_uio_0_stuckat_edt_bypass_low_internal_burnin_togcnt_cap_off,PASS,PASS
parmiopcie6tridelldp_uio_0_parmiopcie6tridelldp_uio_0_ub_i_ult_scan_ctlr_stuckat_edt_bypass_low_internal_scandump,PASS,PASS
parmiocpc_uio_0_uio_a_0_retarget_atspeed_edt_edt_low_internal_serial_scan,PASS,PASS
parmiocxlrx_uio_0_uio_a_0_retarget_atspeed_edt_edt_low_internal_serial_scan,PASS,PASS
parmioasf_uio_0_uio_a_0_retarget_atspeed_edt_edt_low_internal_serial_scan,PASS,PASS
parmiocxltx_uio_0_uio_a_0_retarget_atspeed_edt_edt_low_internal_serial_scan,PASS,PASS
parmiopcie6trcore_uio_0_stuckat_edt_bypass_low_internal_burnin_togcnt_cap_off,PASS,PASS
parmiomisc_uio_0_parmiomisc_uio_0_ub_i_ult_scan_ctlr_stuckat_edt_bypass_low_internal_scandump,PASS,PASS
parmiootc_uio_0_stuckat_edt_bypass_low_internal_burnin_togcnt_cap_off,PASS,PASS
parmiomisc_uio_0_stuckat_edt_bypass_low_internal_burnin_togcnt_cap_off,PASS,PASS
parmiopcie6trcore_uio_0_parmiopcie6trcore_uio_0_ub_i_ult_scan_ctlr_stuckat_edt_bypass_low_internal_scandump,PASS,PASS
parmiootc_uio_0_parmiootc_uio_0_ub_i_ult_scan_ctlr_stuckat_edt_bypass_low_internal_scandump,PASS,PASS
parmioitc_uio_0_stuckat_edt_bypass_low_internal_burnin_togcnt_cap_off,PASS,PASS
parmiofblpvnpipeac_uio_0_stuckat_edt_bypass_low_internal_serial_chain,PASS,PASS
parmioiommu_uio_0_stuckat_edt_bypass_low_internal_burnin_togcnt_cap_off,PASS,PASS
parmiohap_uio_0_stuckat_edt_bypass_low_internal_burnin_togcnt_cap_off,PASS,PASS
parmiohap_uio_0_parmiohap_uio_0_ub_i_ult_scan_ctlr_stuckat_edt_bypass_low_internal_scandump,PASS,PASS
parmioiommu_uio_0_parmioiommu_uio_0_ub_i_ult_scan_ctlr_stuckat_edt_bypass_low_internal_scandump,PASS,PASS
parmioitc_uio_0_parmioitc_uio_0_ub_i_ult_scan_ctlr_stuckat_edt_bypass_low_internal_scandump,PASS,PASS
parmiocxltx_uio_0_stuckat_edt_edt_low_internal_serial_chain,PASS,PASS
parmiocxlrx_uio_0_stuckat_edt_bypass_low_internal_burnin_togcnt_cap_off,PASS,PASS
parmiocxltx_uio_0_stuckat_edt_bypass_low_internal_serial_scan,PASS,PASS
parmiocxlrx_uio_0_parmiocxlrx_uio_0_ub_i_ult_scan_ctlr_stuckat_edt_bypass_low_internal_scandump,PASS,PASS
parmiocxltx_uio_0_stuckat_edt_edt_low_internal_serial_scan,PASS,PASS
parmioasf_uio_0_stuckat_edt_bypass_low_internal_burnin_togcnt_cap_off,PASS,PASS
parmioasf_uio_0_parmioasf_uio_0_ub_i_ult_scan_ctlr_stuckat_edt_bypass_low_internal_scandump,PASS,PASS
parmiocpc_uio_0_stuckat_edt_bypass_low_internal_burnin_togcnt_cap_off,PASS,PASS
parmioasf_uio_0_stuckat_edt_bypass_low_internal_serial_scan,PASS,PASS
parmioasf_uio_0_atspeed_edt_edt_low_internal_serial_scan,PASS,PASS
parmioasf_uio_0_stuckat_edt_bypass_low_internal_serial_chain,PASS,PASS
parmiocpc_uio_0_parmiocpc_uio_0_ub_i_ult_scan_ctlr_stuckat_edt_bypass_low_internal_scandump,PASS,PASS
parmiofblptx_stuckat_edt_bypass_low_internal_burnin_togcnt_cap_off,PASS,PASS
parmiofblptx_parmiofblptx_ub_i_ult_scan_ctlr_stuckat_edt_bypass_low_internal_scandump,PASS,PASS
parmiocxltx_uio_0_stuckat_edt_bypass_low_internal_burnin_togcnt_cap_off,PASS,PASS
parmiocxltx_uio_0_parmiocxltx_uio_0_ub_i_ult_scan_ctlr_stuckat_edt_bypass_low_internal_scandump,PASS,PASS
parmioula_uio_0_uio_a_0_retarget_stuckat_edt_edt_low_internal_serial_chain,PASS,PASS
parmioula_uio_0_uio_a_0_retarget_stuckat_edt_edt_low_internal_serial_scan,PASS,PASS
parmiocxltx_uio_0_uio_a_0_retarget_stuckat_edt_edt_low_internal_loopback,PASS,PASS
uio_a_0_ssn_continuity,PASS,PASS
parmiostaticmux_uio_0_uio_a_0_retarget_stuckat_edt_edt_low_internal_serial_scan,PASS,PASS
parmiopcie6tridelldp_uio_0_uio_a_0_retarget_stuckat_edt_edt_low_internal_serial_scan,PASS,PASS
parmiocpc_uio_0_uio_a_0_retarget_stuckat_edt_edt_low_internal_loopback,PASS,PASS
parmiopcie6trcore_uio_0_uio_a_0_retarget_stuckat_edt_edt_low_internal_serial_scan,PASS,PASS
parmiocxlrx_uio_0_uio_a_0_retarget_stuckat_edt_edt_low_internal_loopback,PASS,PASS
parmioula_uio_0_uio_a_0_retarget_stuckat_edt_edt_low_internal_loopback,PASS,PASS
parmiostaticmux_uio_0_uio_a_0_retarget_stuckat_edt_edt_low_internal_serial_chain,PASS,PASS
parmiofblptx_uio_a_0_retarget_stuckat_edt_edt_low_internal_loopback,PASS,PASS
parmiopcie6ttidecee_uio_0_uio_a_0_retarget_stuckat_edt_edt_low_internal_serial_scan,PASS,PASS
parmiopcie6ttcore_uio_0_uio_a_0_retarget_stuckat_edt_edt_low_internal_serial_scan,PASS,PASS
parmiofblprxfcrarbmux_uio_a_0_retarget_stuckat_edt_edt_low_internal_loopback,PASS,PASS
parmiopcie6trcore_uio_0_uio_a_0_retarget_stuckat_edt_edt_low_internal_serial_chain,PASS,PASS
parmiopcie6tridelldp_uio_0_uio_a_0_retarget_stuckat_edt_edt_low_internal_serial_chain,PASS,PASS
parmiopcie6ttcore_uio_0_uio_a_0_retarget_stuckat_edt_edt_low_internal_serial_chain,PASS,PASS
parmiopcie6ttidecee_uio_0_uio_a_0_retarget_stuckat_edt_edt_low_internal_serial_chain,PASS,PASS
parmiopcie6ttcore_uio_0_stuckat_edt_edt_low_internal_loopback,PASS,PASS
parmiopcie6ttcore_uio_0_ssn_continuity,PASS,PASS
parmiopcie6tridelldp_uio_0_stuckat_edt_edt_low_internal_loopback,PASS,PASS
parmiomisc_uio_0_uio_a_0_retarget_stuckat_edt_edt_low_internal_serial_scan,PASS,PASS
parmiopcie6tridelldp_uio_0_ssn_continuity,PASS,PASS
parmiostaticmux_uio_0_stuckat_edt_edt_low_internal_serial_chain,PASS,PASS
parmioula_uio_0_stuckat_edt_bypass_low_internal_serial_chain,PASS,PASS
parmioula_uio_0_stuckat_edt_edt_low_internal_serial_chain,PASS,PASS
parmioula_uio_0_stuckat_edt_bypass_low_internal_serial_scan,PASS,PASS
parmiostaticmux_uio_0_stuckat_edt_edt_low_internal_serial_scan,PASS,PASS
parmiostaticmux_uio_0_atspeed_edt_edt_low_internal_serial_scan,PASS,PASS
parmiostaticmux_uio_0_stuckat_edt_bypass_low_internal_serial_scan,PASS,PASS
parmiostaticmux_uio_0_stuckat_edt_bypass_low_internal_serial_chain,PASS,PASS
parmiootc_uio_0_uio_a_0_retarget_stuckat_edt_edt_low_internal_serial_scan,PASS,PASS
parmioula_uio_0_atspeed_edt_edt_low_internal_serial_scan,PASS,PASS
parmiopcie6trcore_uio_0_ssn_continuity,PASS,PASS
parmiopcie6trcore_uio_0_stuckat_edt_edt_low_internal_loopback,PASS,PASS
parmiopcie6ttidecee_uio_0_stuckat_edt_edt_low_internal_serial_chain,PASS,PASS
parmiopcie6ttidecee_uio_0_stuckat_edt_bypass_low_internal_serial_scan,PASS,PASS
parmiootc_uio_0_uio_a_0_retarget_stuckat_edt_edt_low_internal_serial_chain,PASS,PASS
parmiopcie6ttidecee_uio_0_stuckat_edt_edt_low_internal_serial_scan,PASS,PASS
parmiomisc_uio_0_uio_a_0_retarget_stuckat_edt_edt_low_internal_serial_chain,PASS,PASS
parmioitc_uio_0_uio_a_0_retarget_stuckat_edt_edt_low_internal_serial_chain,PASS,PASS
parmiopcie6ttidecee_uio_0_stuckat_edt_bypass_low_internal_serial_chain,PASS,PASS
parmiopcie6ttidecee_uio_0_atspeed_edt_edt_low_internal_serial_scan,PASS,PASS
parmioiommu_uio_0_uio_a_0_retarget_stuckat_edt_edt_low_internal_serial_scan,PASS,PASS
parmioiommu_uio_0_uio_a_0_retarget_stuckat_edt_edt_low_internal_serial_chain,PASS,PASS
parmiopcie6ttcore_uio_0_stuckat_edt_edt_low_internal_serial_scan,PASS,PASS
parmiopcie6ttcore_uio_0_stuckat_edt_bypass_low_internal_serial_scan,PASS,PASS
parmiopcie6ttcore_uio_0_stuckat_edt_bypass_low_internal_serial_chain,PASS,PASS
parmiopcie6ttcore_uio_0_stuckat_edt_edt_low_internal_serial_chain,PASS,PASS
parmiopcie6ttcore_uio_0_atspeed_edt_edt_low_internal_serial_scan,PASS,PASS
parmioitc_uio_0_uio_a_0_retarget_stuckat_edt_edt_low_internal_serial_scan,PASS,PASS
parmiofblprxfcrarbmux_uio_a_0_retarget_stuckat_edt_edt_low_internal_serial_scan,PASS,PASS
parmiocpc_uio_0_stuckat_edt_edt_low_internal_loopback,PASS,PASS
parmiocpc_uio_0_ssn_continuity,PASS,PASS
parmioasf_uio_0_ssn_continuity,PASS,PASS
parmioasf_uio_0_stuckat_edt_edt_low_internal_loopback,PASS,PASS
parmiocxltx_uio_0_uio_a_0_retarget_stuckat_edt_edt_low_internal_serial_scan,PASS,PASS
parmiopcie6trcore_uio_0_stuckat_edt_edt_low_internal_serial_chain,PASS,PASS
parmiofblprxfcrarbmux_uio_a_0_retarget_stuckat_edt_edt_low_internal_serial_chain,PASS,PASS
parmiootc_uio_0_stuckat_edt_edt_low_internal_serial_scan,PASS,PASS
parmiootc_uio_0_stuckat_edt_bypass_low_internal_serial_chain,PASS,PASS
parmiootc_uio_0_stuckat_edt_bypass_low_internal_serial_scan,PASS,PASS
parmiootc_uio_0_stuckat_edt_edt_low_internal_serial_chain,PASS,PASS
parmiocxltx_uio_0_uio_a_0_retarget_stuckat_edt_edt_low_internal_serial_chain,PASS,PASS
parmiopcie6trcore_uio_0_stuckat_edt_bypass_low_internal_serial_scan,PASS,PASS
parmiopcie6trcore_uio_0_uio_a_0_retarget_atspeed_edt_edt_low_internal_serial_scan,PASS,PASS
parmiomisc_uio_0_stuckat_edt_edt_low_internal_sih_serial_chain,PASS,PASS
parmiofblpvnpipeac_uio_0_uio_a_0_retarget_stuckat_edt_edt_low_internal_serial_scan,PASS,PASS
parmiopcie6trcore_uio_0_stuckat_edt_bypass_low_internal_serial_chain,PASS,PASS
parmiomisc_uio_0_stuckat_edt_edt_low_internal_sih_serial_scan,PASS,PASS
parmiomisc_uio_0_ijtag_basic_tap_tests_reset,FAIL,Error between simulated and expected patterns
parmiopcie6trcore_uio_0_atspeed_edt_edt_low_internal_serial_scan,PASS,PASS
parmiomisc_uio_0_ijtag_basic_tap_tests_tlr_reset,FAIL,Error between simulated and expected patterns
parmiofblpvnpipeac_uio_0_uio_a_0_retarget_stuckat_edt_edt_low_internal_serial_chain,PASS,PASS
parmiopcie6tridelldp_uio_0_ijtag_basic_tap_tests_reset,PASS,PASS
parmiohap_uio_0_stuckat_edt_edt_low_internal_serial_chain,PASS,PASS
parmiohap_uio_0_stuckat_edt_edt_low_internal_serial_scan,PASS,PASS
parmiootc_uio_0_atspeed_edt_edt_low_internal_serial_scan,PASS,PASS
parmiohap_uio_0_stuckat_edt_bypass_low_internal_serial_scan,PASS,PASS
parmiohap_uio_0_uio_a_0_retarget_stuckat_edt_edt_low_internal_serial_scan,PASS,PASS
parmiohap_uio_0_stuckat_edt_bypass_low_internal_serial_chain,PASS,PASS
parmiootc_uio_0_ijtag_basic_tap_tests_tlr_reset,FAIL,Error between simulated and expected patterns
parmiofblptx_uio_a_0_retarget_stuckat_edt_edt_low_internal_serial_scan,PASS,PASS
parmiopcie6trcore_uio_0_ijtag_basic_tap_tests_reset,PASS,PASS
parmioiommu_uio_0_stuckat_edt_edt_low_internal_serial_scan,PASS,PASS
parmiopcie6tridelldp_uio_0_ijtag_basic_tap_tests_tlr_reset,FAIL,Error between simulated and expected patterns
parmioiommu_uio_0_stuckat_edt_edt_low_internal_serial_chain,PASS,PASS
parmiocxlrx_uio_0_stuckat_edt_edt_low_internal_serial_scan,PASS,PASS
parmiocxlrx_uio_0_stuckat_edt_bypass_low_internal_serial_scan,PASS,PASS
parmioiommu_uio_0_stuckat_edt_bypass_low_internal_serial_scan,PASS,PASS
parmiohap_uio_0_uio_a_0_retarget_stuckat_edt_edt_low_internal_serial_chain,PASS,PASS
parmiopcie6trcore_uio_0_ijtag_basic_tap_tests_tlr_reset,FAIL,Error between simulated and expected patterns
parmiocxlrx_uio_0_stuckat_edt_edt_low_internal_serial_chain,PASS,PASS
parmioiommu_uio_0_stuckat_edt_bypass_low_internal_serial_chain,PASS,PASS
parmioiommu_uio_0_atspeed_edt_edt_low_internal_serial_scan,PASS,PASS
parmiootc_uio_0_ijtag_basic_tap_tests_reset,PASS,PASS
parmiomisc_uio_0_uio_a_0_retarget_atspeed_edt_edt_low_internal_serial_scan,PASS,PASS
parmiootc_uio_0_uio_a_0_retarget_atspeed_edt_edt_low_internal_serial_scan,PASS,PASS
parmiofblpvnpipeac_uio_0_stuckat_edt_edt_low_internal_serial_scan,PASS,PASS
parmiohap_uio_0_atspeed_edt_edt_low_internal_serial_scan,PASS,PASS
parmiofblpvnpipeac_uio_0_stuckat_edt_bypass_low_internal_serial_scan,PASS,PASS
parmiofblpvnpipeac_uio_0_stuckat_edt_edt_low_internal_serial_chain,PASS,PASS
parmioitc_uio_0_ijtag_basic_tap_tests_reset,PASS,PASS
parmioasf_uio_0_stuckat_edt_edt_low_internal_serial_scan,PASS,PASS
parmioasf_uio_0_stuckat_edt_edt_low_internal_serial_chain,PASS,PASS
parmiocxlrx_uio_0_atspeed_edt_edt_low_internal_serial_scan,PASS,PASS
parmiocxlrx_uio_0_stuckat_edt_bypass_low_internal_serial_chain,PASS,PASS
parmiocpc_uio_0_stuckat_edt_edt_low_internal_serial_scan,PASS,PASS
parmiofblptx_uio_a_0_retarget_stuckat_edt_edt_low_internal_serial_chain,PASS,PASS
parmioitc_uio_0_ijtag_basic_tap_tests_tlr_reset,PASS,PASS
parmiocpc_uio_0_stuckat_edt_edt_low_internal_serial_chain,PASS,PASS
parmiocpc_uio_0_stuckat_edt_bypass_low_internal_serial_chain,PASS,PASS
parmiocxltx_uio_0_atspeed_edt_edt_low_internal_serial_scan,PASS,PASS
parmiocxltx_uio_0_stuckat_edt_bypass_low_internal_serial_chain,PASS,PASS
parmiocpc_uio_0_atspeed_edt_edt_low_internal_serial_scan,PASS,PASS
parmiocpc_uio_0_stuckat_edt_bypass_low_internal_serial_scan,PASS,PASS
parmioula_uio_0_ssn_continuity,PASS,PASS
parmioula_uio_0_stuckat_edt_edt_low_internal_loopback,PASS,PASS
parmiostaticmux_uio_0_ssn_continuity,PASS,PASS
parmiomisc_uio_0_ssn_continuity,PASS,PASS
parmiomisc_uio_0_atspeed_edt_edt_low_internal_sih_loopback,PASS,PASS
parmiomisc_uio_0_stuckat_edt_edt_low_internal_loopback,PASS,PASS
parmiostaticmux_uio_0_stuckat_edt_edt_low_internal_loopback,PASS,PASS
parmiomisc_uio_0_stuckat_edt_edt_low_internal_sih_loopback,PASS,PASS
parmiopcie6ttidecee_uio_0_ssn_continuity,PASS,PASS
parmiopcie6ttidecee_uio_0_stuckat_edt_edt_low_internal_loopback,PASS,PASS
parmiootc_uio_0_stuckat_edt_edt_low_internal_loopback,PASS,PASS
parmiootc_uio_0_ssn_continuity,PASS,PASS
parmiostaticmux_uio_0_ijtag_basic_tap_tests_reset,PASS,PASS
parmiostaticmux_uio_0_ijtag_basic_tap_tests_tlr_reset,PASS,PASS
parmiocxlrx_uio_0_ssn_continuity,PASS,PASS
parmiocxlrx_uio_0_stuckat_edt_edt_low_internal_loopback,PASS,PASS
parmiofblprxfcrarbmux_stuckat_edt_edt_low_internal_loopback,PASS,PASS
parmioula_uio_0_ijtag_basic_tap_tests_reset,PASS,PASS
parmioula_uio_0_ijtag_basic_tap_tests_tlr_reset,PASS,PASS
parmiohap_uio_0_ijtag_basic_tap_tests_reset,PASS,PASS
parmiocxlrx_uio_0_ijtag_basic_tap_tests_tlr_reset,PASS,PASS
parmiomisc_uio_0_ijtag_basic_tap_tests_user_defined,FAIL,Error between simulated and expected patterns
parmiocxlrx_uio_0_ijtag_basic_tap_tests_reset,PASS,PASS
parmiohap_uio_0_ijtag_basic_tap_tests_tlr_reset,FAIL,Error between simulated and expected patterns
parmiopcie6ttidecee_uio_0_ijtag_basic_tap_tests_reset,PASS,PASS
parmioasf_uio_0_ijtag_basic_tap_tests_reset,FAIL,Error between simulated and expected patterns
parmioasf_uio_0_ijtag_basic_tap_tests_tlr_reset,FAIL,Error between simulated and expected patterns
parmioiommu_uio_0_ijtag_basic_tap_tests_reset,PASS,PASS
parmiopcie6ttidecee_uio_0_ijtag_basic_tap_tests_tlr_reset,FAIL,Error between simulated and expected patterns
parmiostaticmux_uio_0_ijtag_basic_tap_tests_rw_access,PASS,PASS
parmiocpc_uio_0_ijtag_basic_tap_tests_reset,PASS,PASS
parmiofblprxfcrarbmux_ijtag_basic_tap_tests_reset,PASS,PASS
parmioiommu_uio_0_ijtag_basic_tap_tests_tlr_reset,FAIL,Error between simulated and expected patterns
parmiofblptx_stuckat_edt_edt_low_internal_loopback,PASS,PASS
parmiocpc_uio_0_ijtag_basic_tap_tests_tlr_reset,FAIL,Error between simulated and expected patterns
parmiopcie6ttcore_uio_0_ijtag_basic_tap_tests_reset,PASS,PASS
parmiopcie6ttcore_uio_0_ijtag_basic_tap_tests_tlr_reset,PASS,PASS
parmiofblprxfcrarbmux_ijtag_basic_tap_tests_tlr_reset,FAIL,Error between simulated and expected patterns
parmioula_uio_0_ijtag_basic_tap_tests_rw_access,PASS,PASS
parmiostaticmux_uio_0_icl_verify_dft,PASS,PASS
parmiofblptx_ssn_continuity,PASS,PASS
parmiocxltx_uio_0_stuckat_edt_edt_low_internal_loopback,PASS,PASS
parmiomisc_uio_0_ijtag_basic_tap_tests_rw_access,FAIL,Error between simulated and expected patterns
parmiopcie6ttidecee_uio_0_ijtag_basic_tap_tests_rw_access,PASS,PASS
parmiohap_uio_0_ijtag_basic_tap_tests_rw_access,PASS,PASS
parmiomisc_uio_0_icl_verify_dft,PASS,PASS
parmioasf_uio_0_ijtag_basic_tap_tests_rw_access,FAIL,Error between simulated and expected patterns
parmiopcie6ttcore_uio_0_ijtag_basic_tap_tests_user_defined,FAIL,"Fail, RequiredText not found"
parmiocxlrx_uio_0_ijtag_basic_tap_tests_rw_access,PASS,PASS
parmioula_uio_0_icl_verify_dft,PASS,PASS
parmioasf_uio_0_icl_verify_dft,PASS,PASS
parmiostaticmux_uio_0_ijtag_basic_tap_tests_continuity,PASS,PASS
parmiootc_uio_0_ijtag_basic_tap_tests_rw_access,PASS,PASS
parmiohap_uio_0_icl_verify_dft,PASS,PASS
parmioiommu_uio_0_ijtag_basic_tap_tests_rw_access,PASS,PASS
parmiopcie6ttcore_uio_0_ijtag_basic_tap_tests_rw_access,PASS,PASS
parmiocxlrx_uio_0_icl_verify_dft,PASS,PASS
parmiofblprxfcrarbmux_ijtag_basic_tap_tests_rw_access,PASS,PASS
parmiocpc_uio_0_icl_verify_dft,PASS,PASS
parmiocxltx_uio_0_ssn_continuity,PASS,PASS
parmiofblptx_ijtag_basic_tap_tests_reset,PASS,PASS
parmioula_uio_0_ijtag_basic_tap_tests_continuity,PASS,PASS
parmiopcie6tridelldp_uio_0_ijtag_basic_tap_tests_rw_access,PASS,PASS
parmiocpc_uio_0_ijtag_basic_tap_tests_rw_access,PASS,PASS
parmiopcie6ttidecee_uio_0_ijtag_basic_tap_tests_continuity,PASS,PASS
parmioiommu_uio_0_icl_verify_dft,PASS,PASS
parmiohap_uio_0_ijtag_basic_tap_tests_continuity,PASS,PASS
parmiopcie6tridelldp_uio_0_icl_verify_dft,PASS,PASS
parmiocxltx_uio_0_ijtag_basic_tap_tests_tlr_reset,FAIL,Error between simulated and expected patterns
parmiootc_uio_0_ijtag_basic_tap_tests_continuity,PASS,PASS
parmiomisc_uio_0_ijtag_basic_tap_tests_continuity,PASS,PASS
parmioasf_uio_0_ijtag_basic_tap_tests_continuity,FAIL,Error between simulated and expected patterns
parmiofblptx_ijtag_basic_tap_tests_tlr_reset,FAIL,Error between simulated and expected patterns
parmiopcie6trcore_uio_0_ijtag_basic_tap_tests_rw_access,PASS,PASS
parmiocpc_uio_0_ijtag_basic_tap_tests_continuity,PASS,PASS
parmiocxlrx_uio_0_ijtag_basic_tap_tests_continuity,PASS,PASS
parmiopcie6trcore_uio_0_icl_verify_dft,PASS,PASS
parmiootc_uio_0_icl_verify_dft,PASS,PASS
parmiocxltx_uio_0_ijtag_basic_tap_tests_reset,PASS,PASS
parmiopcie6ttcore_uio_0_ijtag_basic_tap_tests_continuity,PASS,PASS
parmiofblprxfcrarbmux_ijtag_basic_tap_tests_continuity,PASS,PASS
parmioitc_uio_0_icl_verify_dft,PASS,PASS
parmiopcie6tridelldp_uio_0_ijtag_basic_tap_tests_continuity,PASS,PASS
parmiocxltx_uio_0_ijtag_basic_tap_tests_rw_access,PASS,PASS
parmiofblptx_ijtag_basic_tap_tests_rw_access,PASS,PASS
parmioiommu_uio_0_ijtag_basic_tap_tests_continuity,PASS,PASS
parmiocxltx_uio_0_icl_verify_dft,PASS,PASS
parmiopcie6trcore_uio_0_ijtag_basic_tap_tests_continuity,PASS,PASS
parmioitc_uio_0_ijtag_basic_tap_tests_continuity,PASS,PASS
parmiofblptx_icl_verify_dft,PASS,PASS
parmiofblptx_ijtag_basic_tap_tests_continuity,PASS,PASS
parmiocxltx_uio_0_ijtag_basic_tap_tests_continuity,PASS,PASS
parmioitc_uio_0_ijtag_basic_tap_tests_rw_access,PASS,PASS
parmioasf_uio_0_uio_a_0_retarget_stuckat_edt_edt_low_internal_loopback,PASS,PASS
uio_a_0_ijtag_parmiomisc_uio_0_group1_basic_tap_tests_rw_access,FAIL,"Fail, RequiredText not found"
uio_a_0_ijtag_parmiomisc_uio_0_group2_basic_tap_tests_rw_access,FAIL,Error between simulated and expected patterns
uio_a_0_ijtag_reggroup_1_basic_tap_tests_rw_access,PASS,PASS
uio_a_0_ijtag_reggroup_0_basic_tap_tests_rw_access,PASS,PASS
uio_a_0_ijtag_parmiostaticmux_uio_0_basic_tap_tests_rw_access,PASS,PASS
uio_a_0_ijtag_parmioula_uio_0_basic_tap_tests_rw_access,PASS,PASS
uio_a_0_ijtag_parmiopcie6ttcore_uio_0_basic_tap_tests_rw_access,PASS,PASS
uio_a_0_ijtag_parmiopcie6ttidecee_uio_0_basic_tap_tests_rw_access,PASS,PASS
uio_a_0_ijtag_parmiomisc_uio_0_group3_basic_tap_tests_rw_access,FAIL,"Fail, RequiredText not found"
uio_a_0_ijtag_cxltop_uio_0_parmiocxlrx_uio_0_basic_tap_tests_rw_access,PASS,PASS
uio_a_0_ijtag_cxltop_uio_0_parmiocxltx_uio_0_basic_tap_tests_rw_access,PASS,PASS
uio_a_0_ijtag_parmiopcie6trcore_uio_0_basic_tap_tests_rw_access,PASS,PASS
uio_a_0_ijtag_parmiocpc_uio_0_basic_tap_tests_rw_access,PASS,PASS
uio_a_0_ijtag_fblptopac_uio_0_parmiofblprxfcrarbmux_basic_tap_tests_rw_access,PASS,PASS
uio_a_0_ijtag_parmiohap_uio_0_basic_tap_tests_rw_access,PASS,PASS
uio_a_0_ijtag_parmiootc_uio_0_basic_tap_tests_rw_access,PASS,PASS
uio_a_0_ijtag_fblptopac_uio_0_parmiofblptx_basic_tap_tests_rw_access,PASS,PASS
uio_a_0_ijtag_parmiopcie6tridelldp_uio_0_basic_tap_tests_rw_access,PASS,PASS
uio_a_0_ijtag_parmioiommu_uio_0_basic_tap_tests_rw_access,PASS,PASS
uio_a_0_ijtag_parmioitc_uio_0_basic_tap_tests_rw_access,PASS,PASS
uio_a_0_icl_verify_dft,PASS,PASS
